"","Estacao","Data_de_Amostragem","Ano","Turbidez","Data"
"1","RD019",1997-09-02,1997,15,1997 set
"2","RD019",1997-11-11,1997,60,1997 nov
"3","RD019",1998-03-19,1998,50,1998 mar
"4","RD019",1998-08-28,1998,5.35,1998 ago
"5","RD019",1998-11-05,1998,221,1998 nov
"6","RD019",1999-03-25,1999,51.2,1999 mar
"7","RD019",1999-05-13,1999,11.6,1999 mai
"8","RD019",1999-08-19,1999,11.6,1999 ago
"9","RD019",1999-11-08,1999,223,1999 nov
"10","RD019",2000-02-15,2000,133,2000 fev
"11","RD019",2000-05-03,2000,27.2,2000 mai
"12","RD019",2000-08-01,2000,14.3,2000 ago
"13","RD019",2000-10-26,2000,27,2000 out
"14","RD019",2001-02-13,2001,83.3,2001 fev
"15","RD019",2001-05-03,2001,17.3,2001 mai
"16","RD019",2001-08-14,2001,5.78,2001 ago
"17","RD019",2001-10-23,2001,84.6,2001 out
"18","RD023",1997-09-16,1997,20,1997 set
"19","RD023",1997-11-20,1997,20,1997 nov
"20","RD023",1998-03-18,1998,180,1998 mar
"21","RD023",1998-08-30,1998,19.7,1998 ago
"22","RD023",1998-11-08,1998,107,1998 nov
"23","RD023",1999-03-28,1999,108,1999 mar
"24","RD023",1999-05-16,1999,15.2,1999 mai
"25","RD023",1999-08-22,1999,12.7,1999 ago
"26","RD023",1999-11-10,1999,155,1999 nov
"27","RD023",2000-02-17,2000,133,2000 fev
"28","RD023",2000-05-05,2000,37.3,2000 mai
"29","RD023",2000-08-03,2000,18.2,2000 ago
"30","RD023",2000-10-29,2000,29.9,2000 out
"31","RD023",2001-02-15,2001,62.2,2001 fev
"32","RD023",2001-05-07,2001,29,2001 mai
"33","RD023",2001-08-16,2001,8.08,2001 ago
"34","RD023",2001-10-25,2001,96.1,2001 out
"35","RD033",1997-07-30,1997,15,1997 jul
"36","RD033",1997-11-05,1997,30,1997 nov
"37","RD033",1998-03-11,1998,20,1998 mar
"38","RD033",1998-08-30,1998,8.2,1998 ago
"39","RD033",1998-11-08,1998,109,1998 nov
"40","RD033",1999-03-28,1999,124,1999 mar
"41","RD033",1999-05-16,1999,18.9,1999 mai
"42","RD033",1999-08-22,1999,13,1999 ago
"43","RD033",1999-11-10,1999,315,1999 nov
"44","RD033",2000-02-18,2000,128,2000 fev
"45","RD033",2000-05-07,2000,51.8,2000 mai
"46","RD033",2000-08-04,2000,20.2,2000 ago
"47","RD033",2000-10-30,2000,16.4,2000 out
"48","RD033",2001-02-16,2001,47.3,2001 fev
"49","RD033",2001-05-08,2001,30.2,2001 mai
"50","RD033",2001-08-17,2001,18,2001 ago
"51","RD033",2001-10-26,2001,83.9,2001 out
"52","RD035",1997-08-05,1997,3,1997 ago
"53","RD035",1997-10-28,1997,35,1997 out
"54","RD035",2000-02-17,2000,141,2000 fev
"55","RD035",2000-05-05,2000,50.5,2000 mai
"56","RD035",2000-08-03,2000,21.1,2000 ago
"57","RD035",2000-10-29,2000,21.6,2000 out
"58","RD035",2001-02-15,2001,54.6,2001 fev
"59","RD035",2001-05-07,2001,30.8,2001 mai
"60","RD035",2001-08-16,2001,15.9,2001 ago
"61","RD035",2001-10-25,2001,150,2001 out
"62","RD044",2000-02-21,2000,168,2000 fev
"63","RD044",2000-05-08,2000,55.5,2000 mai
"64","RD044",2000-08-06,2000,21,2000 ago
"65","RD044",2000-10-30,2000,12.1,2000 out
"66","RD044",2001-02-16,2001,29.8,2001 fev
"67","RD044",2001-05-08,2001,24.3,2001 mai
"68","RD044",2001-08-17,2001,11.7,2001 ago
"69","RD044",2001-10-26,2001,97.5,2001 out
"70","RD045",1997-07-30,1997,15,1997 jul
"71","RD045",1997-11-05,1997,30,1997 nov
"72","RD045",1998-03-12,1998,25,1998 mar
"73","RD045",1998-08-31,1998,5.05,1998 ago
"74","RD045",1998-11-09,1998,133,1998 nov
"75","RD045",1999-03-29,1999,61.1,1999 mar
"76","RD045",1999-05-17,1999,15.3,1999 mai
"77","RD045",1999-08-23,1999,9.67,1999 ago
"78","RD045",1999-11-11,1999,444,1999 nov
"79","RD045",2000-02-21,2000,143,2000 fev
"80","RD045",2000-05-08,2000,42.2,2000 mai
"81","RD045",2000-08-06,2000,12.3,2000 ago
"82","RD045",2000-10-31,2000,7.77,2000 out
"83","RD045",2001-02-18,2001,30.9,2001 fev
"84","RD045",2001-05-09,2001,15.3,2001 mai
"85","RD045",2001-08-19,2001,9.11,2001 ago
"86","RD045",2001-10-28,2001,48.9,2001 out
"87","RD053",1997-09-04,1997,9,1997 set
"88","RD053",1997-11-19,1997,20,1997 nov
"89","RD053",1998-08-31,1998,6.46,1998 ago
"90","RD053",1998-11-09,1998,127,1998 nov
"91","RD053",1999-03-29,1999,55.6,1999 mar
"92","RD053",1999-05-17,1999,14.7,1999 mai
"93","RD053",1999-08-23,1999,4.58,1999 ago
"94","RD053",1999-11-11,1999,496,1999 nov
"95","RD053",2000-02-21,2000,231,2000 fev
"96","RD053",2000-05-08,2000,46,2000 mai
"97","RD053",2000-08-06,2000,6.44,2000 ago
"98","RD053",2000-10-31,2000,7.64,2000 out
"99","RD053",2001-02-18,2001,27.9,2001 fev
"100","RD053",2001-05-09,2001,15.6,2001 mai
"101","RD053",2001-08-19,2001,12.3,2001 ago
"102","RD053",2001-10-28,2001,64.6,2001 out
"103","RD058",2000-02-22,2000,242,2000 fev
"104","RD058",2000-05-08,2000,56.7,2000 mai
"105","RD058",2000-08-07,2000,10.7,2000 ago
"106","RD058",2000-10-31,2000,7.68,2000 out
"107","RD058",2001-02-18,2001,27.4,2001 fev
"108","RD058",2001-05-09,2001,12.9,2001 mai
"109","RD058",2001-08-19,2001,13.5,2001 ago
"110","RD058",2001-10-28,2001,60.1,2001 out
"111","RD059",1997-09-04,1997,10,1997 set
"112","RD059",1997-11-19,1997,20,1997 nov
"113","RD059",1998-03-17,1998,45,1998 mar
"114","RD059",1998-09-01,1998,6.65,1998 set
"115","RD059",1998-11-09,1998,99.8,1998 nov
"116","RD059",1999-03-29,1999,47.2,1999 mar
"117","RD059",1999-05-17,1999,16.3,1999 mai
"118","RD059",1999-08-23,1999,5.58,1999 ago
"119","RD059",1999-11-11,1999,640,1999 nov
"120","RD059",2000-02-22,2000,264,2000 fev
"121","RD059",2000-05-09,2000,53.9,2000 mai
"122","RD059",2000-08-08,2000,10.4,2000 ago
"123","RD059",2000-11-01,2000,7.42,2000 nov
"124","RD059",2001-02-19,2001,32.3,2001 fev
"125","RD059",2001-05-10,2001,12.5,2001 mai
"126","RD059",2001-08-20,2001,9.16,2001 ago
"127","RD059",2001-10-29,2001,51,2001 out
"128","RD067",1998-03-25,1998,25,1998 mar
"129","RD067",1998-09-01,1998,4.8,1998 set
"130","RD067",1998-11-10,1998,88.7,1998 nov
"131","RD067",1999-03-30,1999,37.6,1999 mar
"132","RD067",1999-05-18,1999,16.4,1999 mai
"133","RD067",1999-08-24,1999,5.46,1999 ago
"134","RD067",1999-11-12,1999,349,1999 nov
"135","RD067",2000-02-22,2000,278,2000 fev
"136","RD067",2000-05-09,2000,57.5,2000 mai
"137","RD067",2000-08-08,2000,6.2,2000 ago
"138","RD067",2000-11-01,2000,4.7,2000 nov
"139","RD067",2001-02-19,2001,21.2,2001 fev
"140","RD067",2001-05-10,2001,13.7,2001 mai
"141","RD067",2001-08-20,2001,7.53,2001 ago
"142","RD067",2001-10-29,2001,41.1,2001 out
"143","RD019",2002-02-21,2002,294,2002 fev
"144","RD019",2002-04-25,2002,42.8,2002 abr
"145","RD019",2002-07-30,2002,25.1,2002 jul
"146","RD019",2002-10-22,2002,19.6,2002 out
"147","RD019",2003-02-13,2003,75.2,2003 fev
"148","RD019",2003-04-29,2003,17.2,2003 abr
"149","RD019",2003-07-22,2003,7.92,2003 jul
"150","RD019",2003-10-21,2003,14.7,2003 out
"151","RD019",2004-01-20,2004,171,2004 jan
"152","RD019",2004-04-27,2004,200,2004 abr
"153","RD019",2004-07-20,2004,25.8,2004 jul
"154","RD019",2004-10-19,2004,22.4,2004 out
"155","RD019",2005-01-18,2005,209,2005 jan
"156","RD019",2005-04-19,2005,34.6,2005 abr
"157","RD019",2005-07-12,2005,8.69,2005 jul
"158","RD019",2005-10-04,2005,31.7,2005 out
"159","RD019",2006-01-17,2006,31.1,2006 jan
"160","RD019",2006-04-18,2006,30.4,2006 abr
"161","RD019",2006-07-12,2006,10,2006 jul
"162","RD019",2006-10-04,2006,12.2,2006 out
"163","RD023",2002-02-25,2002,244,2002 fev
"164","RD023",2002-04-28,2002,44.7,2002 abr
"165","RD023",2002-08-01,2002,21.8,2002 ago
"166","RD023",2002-10-24,2002,28.7,2002 out
"167","RD023",2003-02-17,2003,84.6,2003 fev
"168","RD023",2003-05-02,2003,23.5,2003 mai
"169","RD023",2003-07-24,2003,20.2,2003 jul
"170","RD023",2003-10-23,2003,15.3,2003 out
"171","RD023",2004-01-22,2004,142,2004 jan
"172","RD023",2004-04-29,2004,101,2004 abr
"173","RD023",2004-07-22,2004,42.8,2004 jul
"174","RD023",2004-10-21,2004,28.7,2004 out
"175","RD023",2005-01-20,2005,310,2005 jan
"176","RD023",2005-04-22,2005,53.4,2005 abr
"177","RD023",2005-07-14,2005,19,2005 jul
"178","RD023",2005-10-06,2005,16,2005 out
"179","RD023",2006-01-19,2006,42.2,2006 jan
"180","RD023",2006-04-20,2006,16.2,2006 abr
"181","RD023",2006-07-14,2006,12.3,2006 jul
"182","RD023",2006-10-06,2006,10.7,2006 out
"183","RD033",2002-02-26,2002,374,2002 fev
"184","RD033",2002-04-29,2002,45.9,2002 abr
"185","RD033",2002-08-02,2002,23,2002 ago
"186","RD033",2002-10-25,2002,141,2002 out
"187","RD033",2003-02-18,2003,86.2,2003 fev
"188","RD033",2003-05-05,2003,22.2,2003 mai
"189","RD033",2003-07-25,2003,19.5,2003 jul
"190","RD033",2003-10-24,2003,27.3,2003 out
"191","RD033",2004-01-23,2004,276,2004 jan
"192","RD033",2004-04-30,2004,96,2004 abr
"193","RD033",2004-07-23,2004,41.9,2004 jul
"194","RD033",2004-10-22,2004,43.5,2004 out
"195","RD033",2005-01-21,2005,277,2005 jan
"196","RD033",2005-04-25,2005,71.6,2005 abr
"197","RD033",2005-07-15,2005,13.3,2005 jul
"198","RD033",2005-10-07,2005,39.5,2005 out
"199","RD033",2006-01-20,2006,21.9,2006 jan
"200","RD033",2006-04-24,2006,33.8,2006 abr
"201","RD033",2006-07-17,2006,16.3,2006 jul
"202","RD033",2006-10-09,2006,12,2006 out
"203","RD035",2002-02-25,2002,320,2002 fev
"204","RD035",2002-04-28,2002,51.8,2002 abr
"205","RD035",2002-08-01,2002,21.2,2002 ago
"206","RD035",2002-10-24,2002,97.2,2002 out
"207","RD035",2003-02-17,2003,84.6,2003 fev
"208","RD035",2003-05-02,2003,25.6,2003 mai
"209","RD035",2003-07-24,2003,20.7,2003 jul
"210","RD035",2003-10-23,2003,15.8,2003 out
"211","RD035",2004-01-22,2004,157,2004 jan
"212","RD035",2004-04-29,2004,98.7,2004 abr
"213","RD035",2004-07-22,2004,41.4,2004 jul
"214","RD035",2004-10-21,2004,25.6,2004 out
"215","RD035",2005-01-20,2005,359,2005 jan
"216","RD035",2005-04-22,2005,278,2005 abr
"217","RD035",2005-07-14,2005,22.9,2005 jul
"218","RD035",2005-10-06,2005,48,2005 out
"219","RD035",2006-01-19,2006,35.5,2006 jan
"220","RD035",2006-04-20,2006,33.6,2006 abr
"221","RD035",2006-07-14,2006,17.5,2006 jul
"222","RD035",2006-10-06,2006,23.7,2006 out
"223","RD044",2002-02-26,2002,265,2002 fev
"224","RD044",2002-04-29,2002,42.2,2002 abr
"225","RD044",2002-08-02,2002,14.1,2002 ago
"226","RD044",2002-10-25,2002,86.4,2002 out
"227","RD044",2003-02-18,2003,72.8,2003 fev
"228","RD044",2003-05-05,2003,29.9,2003 mai
"229","RD044",2003-07-25,2003,11.1,2003 jul
"230","RD044",2003-10-24,2003,794,2003 out
"231","RD044",2004-01-23,2004,186,2004 jan
"232","RD044",2004-04-30,2004,115,2004 abr
"233","RD044",2004-07-23,2004,38.8,2004 jul
"234","RD044",2004-10-22,2004,24.7,2004 out
"235","RD044",2005-01-21,2005,293,2005 jan
"236","RD044",2005-04-25,2005,93.1,2005 abr
"237","RD044",2005-07-15,2005,19.8,2005 jul
"238","RD044",2005-10-07,2005,41.6,2005 out
"239","RD044",2006-01-20,2006,38.7,2006 jan
"240","RD044",2006-04-24,2006,28,2006 abr
"241","RD044",2006-07-17,2006,8.84,2006 jul
"242","RD044",2006-10-09,2006,18.2,2006 out
"243","RD045",2002-02-27,2002,243,2002 fev
"244","RD045",2002-04-29,2002,41.2,2002 abr
"245","RD045",2002-08-04,2002,14.8,2002 ago
"246","RD045",2002-10-28,2002,25.1,2002 out
"247","RD045",2003-02-19,2003,110,2003 fev
"248","RD045",2003-05-06,2003,49,2003 mai
"249","RD045",2003-07-27,2003,17.9,2003 jul
"250","RD045",2003-10-26,2003,149,2003 out
"251","RD045",2004-01-25,2004,797,2004 jan
"252","RD045",2004-05-02,2004,77.8,2004 mai
"253","RD045",2004-07-25,2004,59,2004 jul
"254","RD045",2004-10-24,2004,18.7,2004 out
"255","RD045",2005-01-23,2005,166,2005 jan
"256","RD045",2005-04-26,2005,77.5,2005 abr
"257","RD045",2005-07-17,2005,15.6,2005 jul
"258","RD045",2005-10-09,2005,34.1,2005 out
"259","RD045",2006-01-22,2006,43.3,2006 jan
"260","RD045",2006-04-25,2006,36.4,2006 abr
"261","RD045",2006-07-18,2006,12,2006 jul
"262","RD045",2006-10-10,2006,35.8,2006 out
"263","RD053",2002-02-27,2002,247,2002 fev
"264","RD053",2002-04-30,2002,38.4,2002 abr
"265","RD053",2002-08-04,2002,16.9,2002 ago
"266","RD053",2002-10-28,2002,23.9,2002 out
"267","RD053",2003-02-19,2003,115,2003 fev
"268","RD053",2003-05-06,2003,21.3,2003 mai
"269","RD053",2003-07-27,2003,12.7,2003 jul
"270","RD053",2003-10-26,2003,161,2003 out
"271","RD053",2004-01-25,2004,560,2004 jan
"272","RD053",2004-05-02,2004,91,2004 mai
"273","RD053",2004-07-25,2004,60,2004 jul
"274","RD053",2004-10-24,2004,15.4,2004 out
"275","RD053",2005-01-23,2005,222,2005 jan
"276","RD053",2005-04-26,2005,78.5,2005 abr
"277","RD053",2005-07-17,2005,22.4,2005 jul
"278","RD053",2005-10-09,2005,29.9,2005 out
"279","RD053",2006-01-22,2006,77.7,2006 jan
"280","RD053",2006-04-25,2006,84.2,2006 abr
"281","RD053",2006-07-18,2006,19.3,2006 jul
"282","RD053",2006-10-10,2006,19.8,2006 out
"283","RD058",2002-02-27,2002,281,2002 fev
"284","RD058",2002-04-30,2002,45.7,2002 abr
"285","RD058",2002-08-04,2002,17.1,2002 ago
"286","RD058",2002-10-28,2002,31.3,2002 out
"287","RD058",2003-02-19,2003,182,2003 fev
"288","RD058",2003-05-06,2003,20.8,2003 mai
"289","RD058",2003-07-27,2003,10.8,2003 jul
"290","RD058",2003-10-26,2003,258,2003 out
"291","RD058",2004-01-25,2004,391,2004 jan
"292","RD058",2004-05-02,2004,92.5,2004 mai
"293","RD058",2004-07-25,2004,53.5,2004 jul
"294","RD058",2004-10-24,2004,15.3,2004 out
"295","RD058",2005-01-23,2005,209,2005 jan
"296","RD058",2005-04-26,2005,101,2005 abr
"297","RD058",2005-07-17,2005,26.3,2005 jul
"298","RD058",2005-10-09,2005,40.6,2005 out
"299","RD058",2006-01-22,2006,44.4,2006 jan
"300","RD058",2006-04-25,2006,19.9,2006 abr
"301","RD058",2006-07-18,2006,12.5,2006 jul
"302","RD058",2006-10-10,2006,13.1,2006 out
"303","RD059",2002-02-28,2002,392,2002 fev
"304","RD059",2002-05-01,2002,40.4,2002 mai
"305","RD059",2002-08-05,2002,13.5,2002 ago
"306","RD059",2002-10-29,2002,22.9,2002 out
"307","RD059",2003-02-20,2003,239,2003 fev
"308","RD059",2003-05-07,2003,23.2,2003 mai
"309","RD059",2003-07-28,2003,10.8,2003 jul
"310","RD059",2003-10-27,2003,240,2003 out
"311","RD059",2004-01-26,2004,764,2004 jan
"312","RD059",2004-05-03,2004,112,2004 mai
"313","RD059",2004-07-26,2004,63.5,2004 jul
"314","RD059",2004-10-25,2004,17,2004 out
"315","RD059",2005-01-24,2005,257,2005 jan
"316","RD059",2005-04-27,2005,104,2005 abr
"317","RD059",2005-07-18,2005,26.9,2005 jul
"318","RD059",2005-10-10,2005,35.4,2005 out
"319","RD059",2006-01-23,2006,20.1,2006 jan
"320","RD059",2006-04-26,2006,17.5,2006 abr
"321","RD059",2006-07-19,2006,11.5,2006 jul
"322","RD059",2006-10-11,2006,9.37,2006 out
"323","RD067",2002-02-28,2002,259,2002 fev
"324","RD067",2002-05-01,2002,39.4,2002 mai
"325","RD067",2002-08-05,2002,14.2,2002 ago
"326","RD067",2002-10-29,2002,33.5,2002 out
"327","RD067",2003-02-20,2003,355,2003 fev
"328","RD067",2003-05-07,2003,22.4,2003 mai
"329","RD067",2003-07-28,2003,9.64,2003 jul
"330","RD067",2003-10-27,2003,302,2003 out
"331","RD067",2004-01-26,2004,540,2004 jan
"332","RD067",2004-05-03,2004,95.4,2004 mai
"333","RD067",2004-07-26,2004,53.1,2004 jul
"334","RD067",2004-10-25,2004,10.7,2004 out
"335","RD067",2005-01-24,2005,211,2005 jan
"336","RD067",2005-04-27,2005,61.6,2005 abr
"337","RD067",2005-07-18,2005,15.8,2005 jul
"338","RD067",2005-10-10,2005,30.7,2005 out
"339","RD067",2006-01-23,2006,19.1,2006 jan
"340","RD067",2006-04-26,2006,22.4,2006 abr
"341","RD067",2006-07-19,2006,6.33,2006 jul
"342","RD067",2006-10-11,2006,13.6,2006 out
"343","RD019",2007-01-24,2007,69.7,2007 jan
"344","RD019",2007-04-11,2007,31.8,2007 abr
"345","RD019",2007-07-11,2007,8.06,2007 jul
"346","RD019",2007-10-03,2007,12.8,2007 out
"347","RD019",2008-01-16,2008,91,2008 jan
"348","RD019",2008-04-02,2008,78.4,2008 abr
"349","RD019",2008-07-01,2008,61.7,2008 jul
"350","RD019",2008-10-01,2008,21,2008 out
"351","RD019",2009-01-14,2009,83,2009 jan
"352","RD019",2009-04-08,2009,286,2009 abr
"353","RD019",2009-07-08,2009,18,2009 jul
"354","RD019",2009-10-01,2009,48,2009 out
"355","RD019",2010-01-20,2010,40.7,2010 jan
"356","RD019",2010-04-14,2010,57.9,2010 abr
"357","RD019",2010-07-07,2010,4.48,2010 jul
"358","RD019",2010-10-06,2010,12,2010 out
"359","RD019",2011-01-19,2011,233,2011 jan
"360","RD019",2011-04-06,2011,94.9,2011 abr
"361","RD019",2011-07-06,2011,8.16,2011 jul
"362","RD019",2011-10-05,2011,9.82,2011 out
"363","RD023",2007-01-26,2007,178,2007 jan
"364","RD023",2007-04-13,2007,43.6,2007 abr
"365","RD023",2007-07-13,2007,19.6,2007 jul
"366","RD023",2007-10-05,2007,14.7,2007 out
"367","RD023",2008-01-18,2008,79.6,2008 jan
"368","RD023",2008-04-04,2008,62.4,2008 abr
"369","RD023",2008-07-07,2008,15.4,2008 jul
"370","RD023",2008-10-03,2008,31,2008 out
"371","RD023",2009-01-16,2009,69.9,2009 jan
"372","RD023",2009-04-10,2009,280,2009 abr
"373","RD023",2009-07-10,2009,25.5,2009 jul
"374","RD023",2009-10-02,2009,45.3,2009 out
"375","RD023",2010-01-22,2010,59,2010 jan
"376","RD023",2010-04-16,2010,49.7,2010 abr
"377","RD023",2010-07-09,2010,15,2010 jul
"378","RD023",2010-10-08,2010,19,2010 out
"379","RD023",2011-01-21,2011,157,2011 jan
"380","RD023",2011-04-08,2011,175,2011 abr
"381","RD023",2011-07-08,2011,21.2,2011 jul
"382","RD023",2011-10-07,2011,6.95,2011 out
"383","RD033",2007-01-29,2007,281,2007 jan
"384","RD033",2007-04-16,2007,50.4,2007 abr
"385","RD033",2007-07-16,2007,19.4,2007 jul
"386","RD033",2007-10-08,2007,16.7,2007 out
"387","RD033",2008-01-21,2008,77,2008 jan
"388","RD033",2008-04-07,2008,145,2008 abr
"389","RD033",2008-07-08,2008,19.4,2008 jul
"390","RD033",2008-10-09,2008,23.5,2008 out
"391","RD033",2009-01-22,2009,318,2009 jan
"392","RD033",2009-04-16,2009,101,2009 abr
"393","RD033",2009-07-16,2009,31.2,2009 jul
"394","RD033",2009-10-08,2009,59.9,2009 out
"395","RD033",2010-01-28,2010,63.5,2010 jan
"396","RD033",2010-04-22,2010,41.6,2010 abr
"397","RD033",2010-07-15,2010,13,2010 jul
"398","RD033",2010-10-14,2010,21.6,2010 out
"399","RD033",2011-01-27,2011,84.8,2011 jan
"400","RD033",2011-04-14,2011,53.8,2011 abr
"401","RD033",2011-07-14,2011,20.6,2011 jul
"402","RD033",2011-10-13,2011,14.6,2011 out
"403","RD035",2007-01-26,2007,238,2007 jan
"404","RD035",2007-04-13,2007,58.1,2007 abr
"405","RD035",2007-07-13,2007,16.9,2007 jul
"406","RD035",2007-10-05,2007,20,2007 out
"407","RD035",2008-01-18,2008,70,2008 jan
"408","RD035",2008-04-04,2008,59.8,2008 abr
"409","RD035",2008-07-07,2008,18.5,2008 jul
"410","RD035",2008-10-03,2008,32.3,2008 out
"411","RD035",2009-01-16,2009,144,2009 jan
"412","RD035",2009-04-10,2009,273,2009 abr
"413","RD035",2009-07-10,2009,28,2009 jul
"414","RD035",2009-10-02,2009,72.9,2009 out
"415","RD035",2010-01-22,2010,52,2010 jan
"416","RD035",2010-04-16,2010,52.2,2010 abr
"417","RD035",2010-07-09,2010,17.5,2010 jul
"418","RD035",2010-10-08,2010,26.1,2010 out
"419","RD035",2011-01-21,2011,158,2011 jan
"420","RD035",2011-04-08,2011,147,2011 abr
"421","RD035",2011-07-08,2011,32.4,2011 jul
"422","RD035",2011-10-07,2011,8.06,2011 out
"423","RD044",2007-01-29,2007,261,2007 jan
"424","RD044",2007-04-16,2007,45.4,2007 abr
"425","RD044",2007-07-16,2007,12.8,2007 jul
"426","RD044",2007-10-08,2007,9.88,2007 out
"427","RD044",2008-01-21,2008,56.1,2008 jan
"428","RD044",2008-04-07,2008,208,2008 abr
"429","RD044",2008-07-08,2008,9.02,2008 jul
"430","RD044",2008-10-09,2008,14.9,2008 out
"431","RD044",2009-01-22,2009,206,2009 jan
"432","RD044",2009-04-16,2009,115,2009 abr
"433","RD044",2009-07-16,2009,12.5,2009 jul
"434","RD044",2009-10-08,2009,28.4,2009 out
"435","RD044",2010-01-28,2010,22.2,2010 jan
"436","RD044",2010-04-22,2010,25.2,2010 abr
"437","RD044",2010-07-15,2010,8.22,2010 jul
"438","RD044",2010-10-14,2010,7.12,2010 out
"439","RD044",2011-01-27,2011,44.2,2011 jan
"440","RD044",2011-04-14,2011,54.6,2011 abr
"441","RD044",2011-07-14,2011,8.94,2011 jul
"442","RD044",2011-10-13,2011,7.92,2011 out
"443","RD045",2007-01-30,2007,594,2007 jan
"444","RD045",2007-04-17,2007,43.4,2007 abr
"445","RD045",2007-07-17,2007,14.2,2007 jul
"446","RD045",2007-10-09,2007,7.78,2007 out
"447","RD045",2008-01-22,2008,73.3,2008 jan
"448","RD045",2008-04-08,2008,234,2008 abr
"449","RD045",2008-07-10,2008,13.8,2008 jul
"450","RD045",2008-10-13,2008,15.3,2008 out
"451","RD045",2009-01-26,2009,319,2009 jan
"452","RD045",2009-04-20,2009,135,2009 abr
"453","RD045",2009-07-16,2009,15.7,2009 jul
"454","RD045",2009-10-08,2009,33.6,2009 out
"455","RD045",2010-01-28,2010,21.5,2010 jan
"456","RD045",2010-04-22,2010,28.6,2010 abr
"457","RD045",2010-07-15,2010,6.27,2010 jul
"458","RD045",2010-10-14,2010,11.6,2010 out
"459","RD045",2011-01-27,2011,52.1,2011 jan
"460","RD045",2011-04-14,2011,58.1,2011 abr
"461","RD045",2011-07-14,2011,11.1,2011 jul
"462","RD045",2011-10-13,2011,7.14,2011 out
"463","RD053",2007-01-30,2007,480,2007 jan
"464","RD053",2007-04-17,2007,51.3,2007 abr
"465","RD053",2007-07-17,2007,13.2,2007 jul
"466","RD053",2007-10-09,2007,9.73,2007 out
"467","RD053",2008-01-22,2008,84,2008 jan
"468","RD053",2008-04-08,2008,280,2008 abr
"469","RD053",2008-07-10,2008,11.5,2008 jul
"470","RD053",2008-10-14,2008,12.1,2008 out
"471","RD053",2009-01-26,2009,398,2009 jan
"472","RD053",2009-04-20,2009,150,2009 abr
"473","RD053",2009-07-20,2009,22.8,2009 jul
"474","RD053",2009-10-12,2009,24.7,2009 out
"475","RD053",2010-02-01,2010,21.5,2010 fev
"476","RD053",2010-04-26,2010,23.9,2010 abr
"477","RD053",2010-07-19,2010,10.3,2010 jul
"478","RD053",2010-10-18,2010,9.01,2010 out
"479","RD053",2011-01-31,2011,50.1,2011 jan
"480","RD053",2011-04-18,2011,51.7,2011 abr
"481","RD053",2011-07-18,2011,11.2,2011 jul
"482","RD053",2011-10-17,2011,20.8,2011 out
"483","RD058",2007-01-30,2007,417,2007 jan
"484","RD058",2007-04-17,2007,58.9,2007 abr
"485","RD058",2007-07-17,2007,17.6,2007 jul
"486","RD058",2007-10-09,2007,9.9,2007 out
"487","RD058",2008-01-22,2008,170,2008 jan
"488","RD058",2008-04-08,2008,379,2008 abr
"489","RD058",2008-07-10,2008,13.5,2008 jul
"490","RD058",2008-10-14,2008,14.3,2008 out
"491","RD058",2009-01-26,2009,379,2009 jan
"492","RD058",2009-04-20,2009,126,2009 abr
"493","RD058",2009-07-20,2009,19.4,2009 jul
"494","RD058",2009-10-12,2009,23.2,2009 out
"495","RD058",2010-02-01,2010,18.2,2010 fev
"496","RD058",2010-04-26,2010,26.7,2010 abr
"497","RD058",2010-07-19,2010,10.4,2010 jul
"498","RD058",2010-10-18,2010,12.2,2010 out
"499","RD058",2011-01-31,2011,51,2011 jan
"500","RD058",2011-04-18,2011,32.5,2011 abr
"501","RD058",2011-07-18,2011,13.4,2011 jul
"502","RD058",2011-10-17,2011,18.4,2011 out
"503","RD059",2007-01-31,2007,463,2007 jan
"504","RD059",2007-04-18,2007,29.1,2007 abr
"505","RD059",2007-07-18,2007,9.59,2007 jul
"506","RD059",2007-10-10,2007,5.94,2007 out
"507","RD059",2008-01-23,2008,184,2008 jan
"508","RD059",2008-04-09,2008,249,2008 abr
"509","RD059",2008-07-11,2008,9.48,2008 jul
"510","RD059",2008-10-14,2008,7.5,2008 out
"511","RD059",2009-01-27,2009,505,2009 jan
"512","RD059",2009-04-21,2009,96.8,2009 abr
"513","RD059",2009-07-21,2009,13.2,2009 jul
"514","RD059",2009-10-12,2009,22.5,2009 out
"515","RD059",2010-02-01,2010,15.4,2010 fev
"516","RD059",2010-04-26,2010,18,2010 abr
"517","RD059",2010-07-18,2010,18.4,2010 jul
"518","RD059",2010-10-18,2010,7.93,2010 out
"519","RD059",2011-01-30,2011,31.8,2011 jan
"520","RD059",2011-04-17,2011,45.2,2011 abr
"521","RD059",2011-07-17,2011,7.55,2011 jul
"522","RD059",2011-10-16,2011,5.73,2011 out
"523","RD067",2007-01-31,2007,226,2007 jan
"524","RD067",2007-04-18,2007,48.9,2007 abr
"525","RD067",2007-07-18,2007,8.19,2007 jul
"526","RD067",2007-10-10,2007,5.17,2007 out
"527","RD067",2008-01-23,2008,262,2008 jan
"528","RD067",2008-04-09,2008,166,2008 abr
"529","RD067",2008-07-11,2008,7.47,2008 jul
"530","RD067",2008-10-15,2008,8.06,2008 out
"531","RD067",2009-01-27,2009,397,2009 jan
"532","RD067",2009-04-21,2009,82.7,2009 abr
"533","RD067",2009-07-21,2009,10.5,2009 jul
"534","RD067",2009-10-13,2009,24.1,2009 out
"535","RD067",2010-02-02,2010,15.3,2010 fev
"536","RD067",2010-04-27,2010,17.4,2010 abr
"537","RD067",2010-07-18,2010,8.1,2010 jul
"538","RD067",2010-10-18,2010,8.93,2010 out
"539","RD067",2011-01-30,2011,37.9,2011 jan
"540","RD067",2011-04-17,2011,48.4,2011 abr
"541","RD067",2011-07-17,2011,9.59,2011 jul
"542","RD067",2011-10-16,2011,6.15,2011 out
"543","RD071",2008-10-01,2008,32.2,2008 out
"544","RD071",2009-01-13,2009,70.3,2009 jan
"545","RD071",2009-04-07,2009,165,2009 abr
"546","RD071",2009-07-07,2009,13.8,2009 jul
"547","RD071",2009-10-01,2009,41.8,2009 out
"548","RD071",2010-01-19,2010,35.2,2010 jan
"549","RD071",2010-04-13,2010,28.3,2010 abr
"550","RD071",2010-07-06,2010,4.75,2010 jul
"551","RD071",2010-10-05,2010,11.6,2010 out
"552","RD071",2011-01-18,2011,116,2011 jan
"553","RD071",2011-04-05,2011,219,2011 abr
"554","RD071",2011-07-05,2011,5.7,2011 jul
"555","RD071",2011-10-04,2011,3.28,2011 out
"556","RD072",2008-10-01,2008,28.7,2008 out
"557","RD072",2009-01-14,2009,96.5,2009 jan
"558","RD072",2009-04-08,2009,296,2009 abr
"559","RD072",2009-07-08,2009,24.1,2009 jul
"560","RD072",2009-10-01,2009,79.6,2009 out
"561","RD072",2010-01-20,2010,53.3,2010 jan
"562","RD072",2010-04-14,2010,36.7,2010 abr
"563","RD072",2010-07-07,2010,5.9,2010 jul
"564","RD072",2010-10-06,2010,13.5,2010 out
"565","RD072",2011-01-19,2011,289,2011 jan
"566","RD072",2011-04-06,2011,484,2011 abr
"567","RD072",2011-07-06,2011,9.1,2011 jul
"568","RD072",2011-10-05,2011,4.12,2011 out
"569","RD083",2008-07-08,2008,19.8,2008 jul
"570","RD083",2008-10-09,2008,22.4,2008 out
"571","RD083",2009-01-22,2009,537,2009 jan
"572","RD083",2009-04-16,2009,99.8,2009 abr
"573","RD083",2009-07-16,2009,17.1,2009 jul
"574","RD083",2009-10-08,2009,31.4,2009 out
"575","RD083",2010-01-28,2010,31.2,2010 jan
"576","RD083",2010-04-22,2010,30.3,2010 abr
"577","RD083",2010-07-15,2010,8.32,2010 jul
"578","RD083",2010-10-14,2010,16.8,2010 out
"579","RD083",2011-01-27,2011,49.4,2011 jan
"580","RD083",2011-04-14,2011,72,2011 abr
"581","RD083",2011-07-14,2011,13.3,2011 jul
"582","RD083",2011-10-13,2011,6.42,2011 out
"583","RD011",2016-09-30,2016,454,2016 set
"584","RD011",2016-10-18,2016,252,2016 out
"585","RD011",2016-11-07,2016,169,2016 nov
"586","RD011",2016-12-05,2016,4105,2016 dez
"587","RD019",2012-01-18,2012,81.6,2012 jan
"588","RD019",2012-04-04,2012,90.4,2012 abr
"589","RD019",2012-07-04,2012,22.9,2012 jul
"590","RD019",2012-10-03,2012,10.9,2012 out
"591","RD019",2013-01-16,2013,26.8,2013 jan
"592","RD019",2013-04-10,2013,318,2013 abr
"593","RD019",2013-06-18,2013,15.2,2013 jun
"594","RD019",2013-07-10,2013,8.89,2013 jul
"595","RD019",2013-08-27,2013,16.2,2013 ago
"596","RD019",2013-09-17,2013,6.88,2013 set
"597","RD019",2013-10-02,2013,13,2013 out
"598","RD019",2013-11-12,2013,9.3,2013 nov
"599","RD019",2013-12-03,2013,181,2013 dez
"600","RD019",2014-01-15,2014,23.4,2014 jan
"601","RD019",2014-02-25,2014,5.08,2014 fev
"602","RD019",2014-03-25,2014,15,2014 mar
"603","RD019",2014-04-02,2014,7.11,2014 abr
"604","RD019",2014-05-20,2014,3.09,2014 mai
"605","RD019",2014-06-10,2014,5.33,2014 jun
"606","RD019",2014-07-09,2014,3.54,2014 jul
"607","RD019",2014-08-26,2014,2.99,2014 ago
"608","RD019",2014-09-23,2014,2.97,2014 set
"609","RD019",2014-10-01,2014,2.71,2014 out
"610","RD019",2014-11-18,2014,5.9,2014 nov
"611","RD019",2014-12-09,2014,63.7,2014 dez
"612","RD019",2015-01-14,2015,30.5,2015 jan
"613","RD019",2015-02-24,2015,24.4,2015 fev
"614","RD019",2015-03-24,2015,43.7,2015 mar
"615","RD019",2015-04-08,2015,32.4,2015 abr
"616","RD019",2015-05-26,2015,5.36,2015 mai
"617","RD019",2015-06-23,2015,3.14,2015 jun
"618","RD019",2015-07-08,2015,4.97,2015 jul
"619","RD019",2015-08-25,2015,2.72,2015 ago
"620","RD019",2015-09-22,2015,14.5,2015 set
"621","RD019",2015-10-07,2015,2.71,2015 out
"622","RD019",2015-12-08,2015,4132,2015 dez
"623","RD019",2016-01-13,2016,1125,2016 jan
"624","RD019",2016-03-15,2016,1117,2016 mar
"625","RD019",2016-04-06,2016,252,2016 abr
"626","RD019",2016-05-24,2016,626,2016 mai
"627","RD019",2016-06-21,2016,376,2016 jun
"628","RD019",2016-07-06,2016,199,2016 jul
"629","RD019",2016-08-16,2016,174,2016 ago
"630","RD019",2016-09-30,2016,222,2016 set
"631","RD019",2016-10-19,2016,503,2016 out
"632","RD019",2016-11-08,2016,175,2016 nov
"633","RD019",2016-12-06,2016,402,2016 dez
"634","RD023",2012-01-20,2012,63.9,2012 jan
"635","RD023",2012-04-06,2012,69.7,2012 abr
"636","RD023",2012-07-06,2012,18.9,2012 jul
"637","RD023",2012-10-05,2012,9.43,2012 out
"638","RD023",2013-01-18,2013,94.3,2013 jan
"639","RD023",2013-04-12,2013,280,2013 abr
"640","RD023",2013-06-19,2013,23.4,2013 jun
"641","RD023",2013-07-12,2013,5.52,2013 jul
"642","RD023",2013-08-27,2013,8.44,2013 ago
"643","RD023",2013-09-17,2013,9.98,2013 set
"644","RD023",2013-10-04,2013,8.1,2013 out
"645","RD023",2013-11-12,2013,15.7,2013 nov
"646","RD023",2013-12-03,2013,78.9,2013 dez
"647","RD023",2014-01-17,2014,26.8,2014 jan
"648","RD023",2014-02-26,2014,7.66,2014 fev
"649","RD023",2014-03-25,2014,25.2,2014 mar
"650","RD023",2014-04-04,2014,13.1,2014 abr
"651","RD023",2014-05-20,2014,3.88,2014 mai
"652","RD023",2014-06-10,2014,4.04,2014 jun
"653","RD023",2014-07-11,2014,4.07,2014 jul
"654","RD023",2014-08-26,2014,2.56,2014 ago
"655","RD023",2014-09-23,2014,2.5,2014 set
"656","RD023",2014-10-03,2014,7.7,2014 out
"657","RD023",2014-11-18,2014,25.7,2014 nov
"658","RD023",2014-12-09,2014,73.5,2014 dez
"659","RD023",2015-01-16,2015,18.9,2015 jan
"660","RD023",2015-02-24,2015,25.7,2015 fev
"661","RD023",2015-03-24,2015,54.5,2015 mar
"662","RD023",2015-04-10,2015,23.1,2015 abr
"663","RD023",2015-05-26,2015,6.98,2015 mai
"664","RD023",2015-06-23,2015,5.05,2015 jun
"665","RD023",2015-07-10,2015,8.57,2015 jul
"666","RD023",2015-08-25,2015,2.24,2015 ago
"667","RD023",2015-09-22,2015,12.2,2015 set
"668","RD023",2015-10-09,2015,3.32,2015 out
"669","RD023",2015-12-08,2015,5444,2015 dez
"670","RD023",2016-01-15,2016,3198,2016 jan
"671","RD023",2016-03-15,2016,467,2016 mar
"672","RD023",2016-04-08,2016,234,2016 abr
"673","RD023",2016-05-24,2016,296,2016 mai
"674","RD023",2016-06-21,2016,162,2016 jun
"675","RD023",2016-07-08,2016,154,2016 jul
"676","RD023",2016-08-16,2016,139,2016 ago
"677","RD023",2016-09-30,2016,256,2016 set
"678","RD023",2016-10-21,2016,244,2016 out
"679","RD023",2016-11-08,2016,454,2016 nov
"680","RD023",2016-12-06,2016,1159,2016 dez
"681","RD033",2012-01-26,2012,99,2012 jan
"682","RD033",2012-04-12,2012,45.9,2012 abr
"683","RD033",2012-07-12,2012,21.1,2012 jul
"684","RD033",2012-10-10,2012,13.1,2012 out
"685","RD033",2013-01-23,2013,955,2013 jan
"686","RD033",2013-04-18,2013,89.9,2013 abr
"687","RD033",2013-06-19,2013,21.9,2013 jun
"688","RD033",2013-07-18,2013,12.8,2013 jul
"689","RD033",2013-08-28,2013,10.8,2013 ago
"690","RD033",2013-09-18,2013,9.15,2013 set
"691","RD033",2013-10-10,2013,57.4,2013 out
"692","RD033",2013-11-13,2013,36.9,2013 nov
"693","RD033",2013-12-04,2013,125,2013 dez
"694","RD033",2014-01-23,2014,43.1,2014 jan
"695","RD033",2014-02-26,2014,17.3,2014 fev
"696","RD033",2014-03-26,2014,39,2014 mar
"697","RD033",2014-04-09,2014,47.3,2014 abr
"698","RD033",2014-05-21,2014,4.36,2014 mai
"699","RD033",2014-06-11,2014,4.62,2014 jun
"700","RD033",2014-07-16,2014,3.38,2014 jul
"701","RD033",2014-08-27,2014,3.6,2014 ago
"702","RD033",2014-09-24,2014,3.08,2014 set
"703","RD033",2014-10-08,2014,3.77,2014 out
"704","RD033",2014-11-18,2014,83.9,2014 nov
"705","RD033",2014-12-09,2014,100,2014 dez
"706","RD033",2015-01-21,2015,8.36,2015 jan
"707","RD033",2015-02-25,2015,19.5,2015 fev
"708","RD033",2015-03-25,2015,72.3,2015 mar
"709","RD033",2015-04-15,2015,14.6,2015 abr
"710","RD033",2015-05-26,2015,6.18,2015 mai
"711","RD033",2015-06-23,2015,7.27,2015 jun
"712","RD033",2015-07-15,2015,7.61,2015 jul
"713","RD033",2015-08-26,2015,3.09,2015 ago
"714","RD033",2015-09-23,2015,11.5,2015 set
"715","RD033",2015-10-14,2015,2.29,2015 out
"716","RD033",2015-12-08,2015,7534,2015 dez
"717","RD033",2016-01-20,2016,3279,2016 jan
"718","RD033",2016-03-15,2016,450,2016 mar
"719","RD033",2016-04-13,2016,141,2016 abr
"720","RD033",2016-05-24,2016,332,2016 mai
"721","RD033",2016-06-21,2016,115,2016 jun
"722","RD033",2016-07-13,2016,97,2016 jul
"723","RD033",2016-08-16,2016,137,2016 ago
"724","RD033",2016-09-30,2016,218,2016 set
"725","RD033",2016-10-26,2016,92.6,2016 out
"726","RD033",2016-11-08,2016,196,2016 nov
"727","RD033",2016-12-06,2016,347,2016 dez
"728","RD035",2012-01-20,2012,73.8,2012 jan
"729","RD035",2012-04-06,2012,72.7,2012 abr
"730","RD035",2012-07-06,2012,26.9,2012 jul
"731","RD035",2012-10-05,2012,11.9,2012 out
"732","RD035",2013-01-18,2013,56.3,2013 jan
"733","RD035",2013-04-12,2013,382,2013 abr
"734","RD035",2013-06-18,2013,19.9,2013 jun
"735","RD035",2013-07-12,2013,15.2,2013 jul
"736","RD035",2013-08-27,2013,10.8,2013 ago
"737","RD035",2013-09-17,2013,12.5,2013 set
"738","RD035",2013-10-04,2013,7.14,2013 out
"739","RD035",2013-11-12,2013,37.6,2013 nov
"740","RD035",2013-12-03,2013,114,2013 dez
"741","RD035",2014-01-17,2014,23.2,2014 jan
"742","RD035",2014-02-25,2014,18.4,2014 fev
"743","RD035",2014-03-25,2014,48.9,2014 mar
"744","RD035",2014-04-04,2014,74.6,2014 abr
"745","RD035",2014-05-20,2014,4.98,2014 mai
"746","RD035",2014-06-10,2014,4.92,2014 jun
"747","RD035",2014-07-11,2014,3.91,2014 jul
"748","RD035",2014-08-26,2014,2.56,2014 ago
"749","RD035",2014-09-23,2014,2.86,2014 set
"750","RD035",2014-10-03,2014,4.42,2014 out
"751","RD035",2014-11-18,2014,54,2014 nov
"752","RD035",2014-12-09,2014,84.7,2014 dez
"753","RD035",2015-01-16,2015,8.11,2015 jan
"754","RD035",2015-02-24,2015,24.8,2015 fev
"755","RD035",2015-03-24,2015,48.8,2015 mar
"756","RD035",2015-04-10,2015,19.4,2015 abr
"757","RD035",2015-05-26,2015,6.26,2015 mai
"758","RD035",2015-06-23,2015,7.73,2015 jun
"759","RD035",2015-07-10,2015,7.56,2015 jul
"760","RD035",2015-08-25,2015,3.9,2015 ago
"761","RD035",2015-09-22,2015,16,2015 set
"762","RD035",2015-10-09,2015,2.76,2015 out
"763","RD035",2015-12-08,2015,7470,2015 dez
"764","RD035",2016-01-15,2016,2682,2016 jan
"765","RD035",2016-03-15,2016,438,2016 mar
"766","RD035",2016-04-08,2016,205,2016 abr
"767","RD035",2016-05-24,2016,442,2016 mai
"768","RD035",2016-06-21,2016,152,2016 jun
"769","RD035",2016-07-08,2016,184,2016 jul
"770","RD035",2016-08-16,2016,196,2016 ago
"771","RD035",2016-09-30,2016,263,2016 set
"772","RD035",2016-10-21,2016,134,2016 out
"773","RD035",2016-11-08,2016,331,2016 nov
"774","RD035",2016-12-06,2016,726,2016 dez
"775","RD044",2012-01-26,2012,72.4,2012 jan
"776","RD044",2012-04-12,2012,48.1,2012 abr
"777","RD044",2012-07-12,2012,10.7,2012 jul
"778","RD044",2012-10-10,2012,8.09,2012 out
"779","RD044",2013-01-23,2013,217,2013 jan
"780","RD044",2013-04-18,2013,76.4,2013 abr
"781","RD044",2013-05-20,2013,NA,2013 mai
"782","RD044",2013-06-20,2013,13,2013 jun
"783","RD044",2013-07-18,2013,13.9,2013 jul
"784","RD044",2013-08-28,2013,6.68,2013 ago
"785","RD044",2013-09-18,2013,6.02,2013 set
"786","RD044",2013-10-10,2013,31.2,2013 out
"787","RD044",2013-11-13,2013,35.1,2013 nov
"788","RD044",2013-12-04,2013,40.9,2013 dez
"789","RD044",2014-01-23,2014,30.9,2014 jan
"790","RD044",2014-02-26,2014,17.8,2014 fev
"791","RD044",2014-03-26,2014,71.9,2014 mar
"792","RD044",2014-04-10,2014,36.1,2014 abr
"793","RD044",2014-05-21,2014,6.4,2014 mai
"794","RD044",2014-06-11,2014,5.9,2014 jun
"795","RD044",2014-07-17,2014,4.39,2014 jul
"796","RD044",2014-08-27,2014,3.31,2014 ago
"797","RD044",2014-09-24,2014,3.49,2014 set
"798","RD044",2014-10-08,2014,3,2014 out
"799","RD044",2014-11-19,2014,82,2014 nov
"800","RD044",2014-12-10,2014,80.4,2014 dez
"801","RD044",2015-01-26,2015,7.77,2015 jan
"802","RD044",2015-02-25,2015,18.4,2015 fev
"803","RD044",2015-03-25,2015,20.3,2015 mar
"804","RD044",2015-04-21,2015,10.1,2015 abr
"805","RD044",2015-05-27,2015,7.54,2015 mai
"806","RD044",2015-06-24,2015,4.82,2015 jun
"807","RD044",2015-07-20,2015,3.23,2015 jul
"808","RD044",2015-08-26,2015,2.56,2015 ago
"809","RD044",2015-09-23,2015,2.69,2015 set
"810","RD044",2015-10-14,2015,2.28,2015 out
"811","RD044",2015-12-08,2015,3277,2015 dez
"812","RD044",2016-01-20,2016,3640,2016 jan
"813","RD044",2016-03-16,2016,191,2016 mar
"814","RD044",2016-04-14,2016,53.5,2016 abr
"815","RD044",2016-05-25,2016,32,2016 mai
"816","RD044",2016-06-22,2016,32.8,2016 jun
"817","RD044",2016-07-14,2016,22.8,2016 jul
"818","RD044",2016-08-17,2016,19.7,2016 ago
"819","RD044",2016-09-30,2016,63.9,2016 set
"820","RD044",2016-10-28,2016,29.7,2016 out
"821","RD044",2016-11-09,2016,18.8,2016 nov
"822","RD044",2016-12-07,2016,176,2016 dez
"823","RD045",2012-01-26,2012,21.4,2012 jan
"824","RD045",2012-04-12,2012,43.2,2012 abr
"825","RD045",2012-07-12,2012,13.7,2012 jul
"826","RD045",2012-10-10,2012,7.08,2012 out
"827","RD045",2013-01-23,2013,233,2013 jan
"828","RD045",2013-04-18,2013,78,2013 abr
"829","RD045",2013-06-19,2013,15.3,2013 jun
"830","RD045",2013-07-18,2013,9.61,2013 jul
"831","RD045",2013-08-28,2013,6.49,2013 ago
"832","RD045",2013-09-18,2013,8.11,2013 set
"833","RD045",2013-10-10,2013,37.2,2013 out
"834","RD045",2013-11-13,2013,33.1,2013 nov
"835","RD045",2013-12-04,2013,46.9,2013 dez
"836","RD045",2014-01-23,2014,38.7,2014 jan
"837","RD045",2014-02-26,2014,20.6,2014 fev
"838","RD045",2014-03-26,2014,71.1,2014 mar
"839","RD045",2014-04-09,2014,54.4,2014 abr
"840","RD045",2014-05-21,2014,7.2,2014 mai
"841","RD045",2014-06-11,2014,6.3,2014 jun
"842","RD045",2014-07-18,2014,4.11,2014 jul
"843","RD045",2014-08-27,2014,3.73,2014 ago
"844","RD045",2014-09-24,2014,3.16,2014 set
"845","RD045",2014-10-10,2014,0.5,2014 out
"846","RD045",2014-11-19,2014,90.7,2014 nov
"847","RD045",2014-12-10,2014,75.3,2014 dez
"848","RD045",2015-01-23,2015,9.59,2015 jan
"849","RD045",2015-02-25,2015,15.6,2015 fev
"850","RD045",2015-03-25,2015,16.8,2015 mar
"851","RD045",2015-04-15,2015,16.8,2015 abr
"852","RD045",2015-05-27,2015,8.15,2015 mai
"853","RD045",2015-06-24,2015,4.78,2015 jun
"854","RD045",2015-07-17,2015,3.84,2015 jul
"855","RD045",2015-08-26,2015,2.57,2015 ago
"856","RD045",2015-09-23,2015,3.72,2015 set
"857","RD045",2015-10-14,2015,2.77,2015 out
"858","RD045",2015-12-08,2015,4236,2015 dez
"859","RD045",2016-01-20,2016,4672,2016 jan
"860","RD045",2016-03-16,2016,232,2016 mar
"861","RD045",2016-04-15,2016,41.5,2016 abr
"862","RD045",2016-05-25,2016,29.9,2016 mai
"863","RD045",2016-06-22,2016,27.4,2016 jun
"864","RD045",2016-07-13,2016,14.8,2016 jul
"865","RD045",2016-08-17,2016,11.1,2016 ago
"866","RD045",2016-09-30,2016,51.9,2016 set
"867","RD045",2016-10-26,2016,28.4,2016 out
"868","RD045",2016-11-09,2016,20.2,2016 nov
"869","RD045",2016-12-07,2016,208,2016 dez
"870","RD053",2012-01-30,2012,41.6,2012 jan
"871","RD053",2012-04-16,2012,35.2,2012 abr
"872","RD053",2012-07-16,2012,7.94,2012 jul
"873","RD053",2012-10-15,2012,22.8,2012 out
"874","RD053",2013-01-27,2013,70.1,2013 jan
"875","RD053",2013-04-22,2013,50.8,2013 abr
"876","RD053",2013-06-20,2013,15.5,2013 jun
"877","RD053",2013-07-22,2013,6.19,2013 jul
"878","RD053",2013-08-29,2013,7.31,2013 ago
"879","RD053",2013-09-19,2013,6.66,2013 set
"880","RD053",2013-10-14,2013,20.3,2013 out
"881","RD053",2013-11-14,2013,36.6,2013 nov
"882","RD053",2013-12-05,2013,43.1,2013 dez
"883","RD053",2014-01-27,2014,39.6,2014 jan
"884","RD053",2014-02-27,2014,21.7,2014 fev
"885","RD053",2014-03-27,2014,82.2,2014 mar
"886","RD053",2014-04-13,2014,24.8,2014 abr
"887","RD053",2014-05-22,2014,5.84,2014 mai
"888","RD053",2014-06-12,2014,6.18,2014 jun
"889","RD053",2014-07-21,2014,4.44,2014 jul
"890","RD053",2014-08-28,2014,2.68,2014 ago
"891","RD053",2014-09-25,2014,2.37,2014 set
"892","RD053",2014-10-13,2014,2.48,2014 out
"893","RD053",2014-11-19,2014,97.4,2014 nov
"894","RD053",2014-12-10,2014,58.3,2014 dez
"895","RD053",2015-01-26,2015,6.65,2015 jan
"896","RD053",2015-02-26,2015,13.6,2015 fev
"897","RD053",2015-03-26,2015,19.1,2015 mar
"898","RD053",2015-04-21,2015,9.79,2015 abr
"899","RD053",2015-05-28,2015,21.3,2015 mai
"900","RD053",2015-06-25,2015,4.01,2015 jun
"901","RD053",2015-07-20,2015,3.9,2015 jul
"902","RD053",2015-08-27,2015,4.16,2015 ago
"903","RD053",2015-09-23,2015,3.63,2015 set
"904","RD053",2015-10-19,2015,1.83,2015 out
"905","RD053",2016-01-20,2016,4200,2016 jan
"906","RD053",2016-03-16,2016,202,2016 mar
"907","RD053",2016-04-13,2016,48.8,2016 abr
"908","RD053",2016-05-25,2016,24.6,2016 mai
"909","RD053",2016-06-22,2016,19.8,2016 jun
"910","RD053",2016-07-18,2016,10.5,2016 jul
"911","RD053",2016-08-18,2016,8.04,2016 ago
"912","RD053",2016-09-30,2016,43.7,2016 set
"913","RD053",2016-10-31,2016,19.7,2016 out
"914","RD053",2016-11-09,2016,5.73,2016 nov
"915","RD053",2016-12-08,2016,380,2016 dez
"916","RD058",2012-01-30,2012,39.7,2012 jan
"917","RD058",2012-04-16,2012,39.3,2012 abr
"918","RD058",2012-07-16,2012,13.5,2012 jul
"919","RD058",2012-10-15,2012,25.9,2012 out
"920","RD058",2013-01-27,2013,76.3,2013 jan
"921","RD058",2013-04-22,2013,56,2013 abr
"922","RD058",2013-06-20,2013,17.1,2013 jun
"923","RD058",2013-07-22,2013,8.16,2013 jul
"924","RD058",2013-08-29,2013,6.82,2013 ago
"925","RD058",2013-09-19,2013,9.12,2013 set
"926","RD058",2013-10-14,2013,24.6,2013 out
"927","RD058",2013-11-14,2013,34.5,2013 nov
"928","RD058",2013-12-05,2013,53.6,2013 dez
"929","RD058",2014-01-27,2014,45.4,2014 jan
"930","RD058",2014-02-27,2014,22.3,2014 fev
"931","RD058",2014-03-27,2014,157,2014 mar
"932","RD058",2014-04-13,2014,23.8,2014 abr
"933","RD058",2014-05-22,2014,6.11,2014 mai
"934","RD058",2014-06-12,2014,8.43,2014 jun
"935","RD058",2014-07-21,2014,4.18,2014 jul
"936","RD058",2014-08-28,2014,3.54,2014 ago
"937","RD058",2014-09-25,2014,2.83,2014 set
"938","RD058",2014-10-13,2014,4.27,2014 out
"939","RD058",2014-11-20,2014,147,2014 nov
"940","RD058",2014-12-11,2014,62.5,2014 dez
"941","RD058",2015-01-26,2015,4.97,2015 jan
"942","RD058",2015-02-26,2015,18,2015 fev
"943","RD058",2015-03-26,2015,100,2015 mar
"944","RD058",2015-04-21,2015,10.2,2015 abr
"945","RD058",2015-05-28,2015,10.1,2015 mai
"946","RD058",2015-06-25,2015,3.58,2015 jun
"947","RD058",2015-07-20,2015,3.64,2015 jul
"948","RD058",2015-08-27,2015,2.72,2015 ago
"949","RD058",2015-09-24,2015,4.31,2015 set
"950","RD058",2015-10-19,2015,1.67,2015 out
"951","RD058",2015-12-08,2015,4228,2015 dez
"952","RD058",2016-01-21,2016,9168,2016 jan
"953","RD058",2016-03-17,2016,188,2016 mar
"954","RD058",2016-04-18,2016,19.8,2016 abr
"955","RD058",2016-05-26,2016,19.6,2016 mai
"956","RD058",2016-06-23,2016,16,2016 jun
"957","RD058",2016-07-18,2016,8.93,2016 jul
"958","RD058",2016-08-18,2016,11.1,2016 ago
"959","RD058",2016-09-30,2016,26.8,2016 set
"960","RD058",2016-10-31,2016,11.7,2016 out
"961","RD058",2016-11-10,2016,2.84,2016 nov
"962","RD058",2016-12-08,2016,363,2016 dez
"963","RD059",2012-01-29,2012,44.5,2012 jan
"964","RD059",2012-04-15,2012,26.6,2012 abr
"965","RD059",2012-07-15,2012,10,2012 jul
"966","RD059",2012-10-14,2012,9.72,2012 out
"967","RD059",2013-01-27,2013,96.2,2013 jan
"968","RD059",2013-04-21,2013,50.9,2013 abr
"969","RD059",2013-06-20,2013,15.2,2013 jun
"970","RD059",2013-07-21,2013,7.51,2013 jul
"971","RD059",2013-08-29,2013,6.97,2013 ago
"972","RD059",2013-09-19,2013,9.79,2013 set
"973","RD059",2013-10-13,2013,26.6,2013 out
"974","RD059",2013-11-14,2013,28.4,2013 nov
"975","RD059",2013-12-05,2013,24.9,2013 dez
"976","RD059",2014-01-26,2014,24.3,2014 jan
"977","RD059",2014-02-27,2014,18.9,2014 fev
"978","RD059",2014-03-27,2014,63.8,2014 mar
"979","RD059",2014-04-11,2014,48.2,2014 abr
"980","RD059",2014-05-22,2014,5.75,2014 mai
"981","RD059",2014-06-12,2014,6.87,2014 jun
"982","RD059",2014-07-18,2014,9.42,2014 jul
"983","RD059",2014-08-28,2014,3.41,2014 ago
"984","RD059",2014-09-25,2014,3.79,2014 set
"985","RD059",2014-10-10,2014,5.42,2014 out
"986","RD059",2014-11-20,2014,123,2014 nov
"987","RD059",2014-12-11,2014,58.2,2014 dez
"988","RD059",2015-01-23,2015,12.5,2015 jan
"989","RD059",2015-02-26,2015,10.4,2015 fev
"990","RD059",2015-03-26,2015,103,2015 mar
"991","RD059",2015-04-17,2015,17.8,2015 abr
"992","RD059",2015-05-28,2015,14.6,2015 mai
"993","RD059",2015-06-25,2015,5.23,2015 jun
"994","RD059",2015-07-17,2015,3.28,2015 jul
"995","RD059",2015-08-27,2015,3.46,2015 ago
"996","RD059",2015-09-24,2015,4.25,2015 set
"997","RD059",2015-10-16,2015,4.91,2015 out
"998","RD059",2015-12-08,2015,7574,2015 dez
"999","RD059",2016-01-21,2016,6600,2016 jan
"1000","RD059",2016-03-17,2016,254,2016 mar
"1001","RD059",2016-04-15,2016,25.6,2016 abr
"1002","RD059",2016-05-26,2016,20,2016 mai
"1003","RD059",2016-06-23,2016,15.2,2016 jun
"1004","RD059",2016-07-15,2016,12.8,2016 jul
"1005","RD059",2016-08-18,2016,10.4,2016 ago
"1006","RD059",2016-09-30,2016,21.2,2016 set
"1007","RD059",2016-10-28,2016,9.06,2016 out
"1008","RD059",2016-11-10,2016,4.23,2016 nov
"1009","RD059",2016-12-08,2016,247,2016 dez
"1010","RD067",2012-01-29,2012,38.3,2012 jan
"1011","RD067",2012-04-15,2012,30.1,2012 abr
"1012","RD067",2012-07-15,2012,5.77,2012 jul
"1013","RD067",2012-10-14,2012,10.7,2012 out
"1014","RD067",2013-01-27,2013,130,2013 jan
"1015","RD067",2013-04-21,2013,62.7,2013 abr
"1016","RD067",2013-06-20,2013,13,2013 jun
"1017","RD067",2013-07-21,2013,7.02,2013 jul
"1018","RD067",2013-08-29,2013,6.47,2013 ago
"1019","RD067",2013-09-19,2013,5.12,2013 set
"1020","RD067",2013-10-13,2013,30.1,2013 out
"1021","RD067",2013-11-14,2013,67.6,2013 nov
"1022","RD067",2013-12-05,2013,23,2013 dez
"1023","RD067",2014-01-26,2014,27,2014 jan
"1024","RD067",2014-02-27,2014,24.5,2014 fev
"1025","RD067",2014-03-27,2014,34.8,2014 mar
"1026","RD067",2014-04-11,2014,60.8,2014 abr
"1027","RD067",2014-05-22,2014,5.61,2014 mai
"1028","RD067",2014-06-12,2014,6.8,2014 jun
"1029","RD067",2014-07-18,2014,9.4,2014 jul
"1030","RD067",2014-08-28,2014,3.21,2014 ago
"1031","RD067",2014-09-25,2014,3.7,2014 set
"1032","RD067",2014-10-10,2014,6.86,2014 out
"1033","RD067",2014-11-20,2014,177,2014 nov
"1034","RD067",2014-12-11,2014,45,2014 dez
"1035","RD067",2015-01-23,2015,6.24,2015 jan
"1036","RD067",2015-02-26,2015,16.1,2015 fev
"1037","RD067",2015-03-26,2015,29.7,2015 mar
"1038","RD067",2015-04-17,2015,29.1,2015 abr
"1039","RD067",2015-05-28,2015,14.3,2015 mai
"1040","RD067",2015-06-25,2015,4.37,2015 jun
"1041","RD067",2015-07-17,2015,2.32,2015 jul
"1042","RD067",2015-08-27,2015,2.16,2015 ago
"1043","RD067",2015-09-24,2015,4.1,2015 set
"1044","RD067",2015-10-16,2015,3.07,2015 out
"1045","RD067",2015-12-08,2015,2294,2015 dez
"1046","RD067",2016-01-21,2016,6500,2016 jan
"1047","RD067",2016-03-17,2016,217,2016 mar
"1048","RD067",2016-04-15,2016,35.3,2016 abr
"1049","RD067",2016-05-26,2016,18.4,2016 mai
"1050","RD067",2016-06-23,2016,19,2016 jun
"1051","RD067",2016-07-15,2016,9.88,2016 jul
"1052","RD067",2016-08-18,2016,7.25,2016 ago
"1053","RD067",2016-09-30,2016,10.4,2016 set
"1054","RD067",2016-10-28,2016,3.99,2016 out
"1055","RD067",2016-11-10,2016,4.84,2016 nov
"1056","RD067",2016-12-08,2016,319,2016 dez
"1057","RD071",2012-01-17,2012,68.2,2012 jan
"1058","RD071",2012-04-03,2012,82.9,2012 abr
"1059","RD071",2012-07-03,2012,9.1,2012 jul
"1060","RD071",2012-10-02,2012,9.5,2012 out
"1061","RD071",2013-01-15,2013,72.9,2013 jan
"1062","RD071",2013-04-09,2013,744,2013 abr
"1063","RD071",2013-07-09,2013,5.23,2013 jul
"1064","RD071",2013-10-01,2013,41.7,2013 out
"1065","RD071",2014-01-14,2014,29.5,2014 jan
"1066","RD071",2014-04-01,2014,6.87,2014 abr
"1067","RD071",2014-07-08,2014,2.73,2014 jul
"1068","RD071",2014-10-01,2014,4.21,2014 out
"1069","RD071",2015-01-13,2015,3.56,2015 jan
"1070","RD071",2015-04-07,2015,15.8,2015 abr
"1071","RD071",2015-07-07,2015,1.85,2015 jul
"1072","RD071",2015-10-06,2015,1.8,2015 out
"1073","RD071",2016-01-12,2016,3365,2016 jan
"1074","RD071",2016-04-05,2016,135,2016 abr
"1075","RD071",2016-06-20,2016,NA,2016 jun
"1076","RD071",2016-07-05,2016,41.7,2016 jul
"1077","RD071",2016-09-30,2016,145,2016 set
"1078","RD071",2016-10-18,2016,93.7,2016 out
"1079","RD071",2016-11-07,2016,58.7,2016 nov
"1080","RD071",2016-12-05,2016,5228,2016 dez
"1081","RD072",2012-01-18,2012,74.5,2012 jan
"1082","RD072",2012-04-04,2012,60.6,2012 abr
"1083","RD072",2012-07-04,2012,8.74,2012 jul
"1084","RD072",2012-10-03,2012,10.6,2012 out
"1085","RD072",2013-01-16,2013,41.7,2013 jan
"1086","RD072",2013-04-10,2013,604,2013 abr
"1087","RD072",2013-06-18,2013,17.7,2013 jun
"1088","RD072",2013-07-10,2013,7.56,2013 jul
"1089","RD072",2013-08-27,2013,4.64,2013 ago
"1090","RD072",2013-09-17,2013,16,2013 set
"1091","RD072",2013-10-02,2013,24.8,2013 out
"1092","RD072",2013-11-11,2013,5.68,2013 nov
"1093","RD072",2013-12-02,2013,182,2013 dez
"1094","RD072",2014-01-15,2014,18.7,2014 jan
"1095","RD072",2014-02-25,2014,3.07,2014 fev
"1096","RD072",2014-03-25,2014,10.2,2014 mar
"1097","RD072",2014-04-02,2014,6.57,2014 abr
"1098","RD072",2014-05-20,2014,2.47,2014 mai
"1099","RD072",2014-06-09,2014,3.69,2014 jun
"1100","RD072",2014-07-09,2014,2.1,2014 jul
"1101","RD072",2014-08-25,2014,1.87,2014 ago
"1102","RD072",2014-09-22,2014,2.58,2014 set
"1103","RD072",2014-10-01,2014,1.99,2014 out
"1104","RD072",2014-11-17,2014,12.5,2014 nov
"1105","RD072",2014-12-08,2014,43.9,2014 dez
"1106","RD072",2015-01-14,2015,22,2015 jan
"1107","RD072",2015-02-23,2015,8.72,2015 fev
"1108","RD072",2015-03-23,2015,20.5,2015 mar
"1109","RD072",2015-04-08,2015,24.4,2015 abr
"1110","RD072",2015-05-25,2015,3.63,2015 mai
"1111","RD072",2015-06-22,2015,3.5,2015 jun
"1112","RD072",2015-07-08,2015,0.5,2015 jul
"1113","RD072",2015-08-24,2015,1.64,2015 ago
"1114","RD072",2015-09-21,2015,9.79,2015 set
"1115","RD072",2015-10-07,2015,2.49,2015 out
"1116","RD072",2015-12-08,2015,17949,2015 dez
"1117","RD072",2016-01-13,2016,5880,2016 jan
"1118","RD072",2016-03-15,2016,915,2016 mar
"1119","RD072",2016-04-06,2016,108,2016 abr
"1120","RD072",2016-05-23,2016,77,2016 mai
"1121","RD072",2016-06-20,2016,74.2,2016 jun
"1122","RD072",2016-07-06,2016,69,2016 jul
"1123","RD072",2016-08-15,2016,65.1,2016 ago
"1124","RD072",2016-09-30,2016,64.7,2016 set
"1125","RD072",2016-10-19,2016,50.3,2016 out
"1126","RD072",2016-11-07,2016,83.6,2016 nov
"1127","RD072",2016-12-05,2016,732,2016 dez
"1128","RD083",2012-01-26,2012,55.1,2012 jan
"1129","RD083",2012-04-12,2012,41.3,2012 abr
"1130","RD083",2012-07-12,2012,9.94,2012 jul
"1131","RD083",2012-10-10,2012,38.6,2012 out
"1132","RD083",2013-01-23,2013,181,2013 jan
"1133","RD083",2013-04-18,2013,63.5,2013 abr
"1134","RD083",2013-06-19,2013,25.7,2013 jun
"1135","RD083",2013-07-18,2013,10.5,2013 jul
"1136","RD083",2013-08-28,2013,9.13,2013 ago
"1137","RD083",2013-09-18,2013,11,2013 set
"1138","RD083",2013-10-10,2013,30.5,2013 out
"1139","RD083",2013-11-13,2013,33.1,2013 nov
"1140","RD083",2013-12-04,2013,47.3,2013 dez
"1141","RD083",2014-01-23,2014,23.5,2014 jan
"1142","RD083",2014-02-26,2014,38,2014 fev
"1143","RD083",2014-03-26,2014,39.3,2014 mar
"1144","RD083",2014-04-09,2014,50,2014 abr
"1145","RD083",2014-05-21,2014,7.65,2014 mai
"1146","RD083",2014-06-11,2014,7.48,2014 jun
"1147","RD083",2014-07-16,2014,3.48,2014 jul
"1148","RD083",2014-08-27,2014,3.58,2014 ago
"1149","RD083",2014-09-24,2014,3.75,2014 set
"1150","RD083",2014-10-08,2014,5.63,2014 out
"1151","RD083",2014-11-19,2014,168,2014 nov
"1152","RD083",2014-12-10,2014,68.2,2014 dez
"1153","RD083",2015-01-21,2015,8.59,2015 jan
"1154","RD083",2015-02-25,2015,20.5,2015 fev
"1155","RD083",2015-03-25,2015,33.4,2015 mar
"1156","RD083",2015-04-15,2015,22.2,2015 abr
"1157","RD083",2015-05-27,2015,8.39,2015 mai
"1158","RD083",2015-06-24,2015,6.48,2015 jun
"1159","RD083",2015-07-15,2015,5.73,2015 jul
"1160","RD083",2015-08-26,2015,3.94,2015 ago
"1161","RD083",2015-09-23,2015,8.17,2015 set
"1162","RD083",2015-10-14,2015,2.78,2015 out
"1163","RD083",2015-12-08,2015,4724,2015 dez
"1164","RD083",2016-01-20,2016,3017,2016 jan
"1165","RD083",2016-03-16,2016,198,2016 mar
"1166","RD083",2016-04-13,2016,64.9,2016 abr
"1167","RD083",2016-05-25,2016,65.3,2016 mai
"1168","RD083",2016-06-22,2016,62.3,2016 jun
"1169","RD083",2016-07-13,2016,46.7,2016 jul
"1170","RD083",2016-08-17,2016,72.9,2016 ago
"1171","RD083",2016-09-30,2016,137,2016 set
"1172","RD083",2016-10-26,2016,45.9,2016 out
"1173","RD083",2016-11-09,2016,40.5,2016 nov
"1174","RD083",2016-12-07,2016,349,2016 dez
"1175","RD011",2017-01-10,2017,874,2017 jan
"1176","RD011",2017-02-20,2017,123,2017 fev
"1177","RD011",2017-07-18,2017,40.9,2017 jul
"1178","RD011",2017-07-20,2017,NA,2017 jul
"1179","RD011",2017-08-07,2017,49.3,2017 ago
"1180","RD011",2017-09-11,2017,12.2,2017 set
"1181","RD011",2017-10-03,2017,34.8,2017 out
"1182","RD011",2017-11-06,2017,960,2017 nov
"1183","RD011",2017-12-04,2017,1462,2017 dez
"1184","RD019",2017-01-11,2017,99,2017 jan
"1185","RD019",2017-02-21,2017,64.9,2017 fev
"1186","RD019",2017-07-19,2017,44.6,2017 jul
"1187","RD019",2017-08-08,2017,31,2017 ago
"1188","RD019",2017-09-12,2017,226,2017 set
"1189","RD019",2017-10-04,2017,25.2,2017 out
"1190","RD019",2017-11-07,2017,95.2,2017 nov
"1191","RD019",2017-12-05,2017,1114,2017 dez
"1192","RD023",2017-01-13,2017,231,2017 jan
"1193","RD023",2017-02-21,2017,93.1,2017 fev
"1194","RD023",2017-07-21,2017,77.5,2017 jul
"1195","RD023",2017-08-08,2017,56.6,2017 ago
"1196","RD023",2017-09-12,2017,476,2017 set
"1197","RD023",2017-10-06,2017,46.7,2017 out
"1198","RD023",2017-11-07,2017,69.4,2017 nov
"1199","RD023",2017-12-06,2017,4489,2017 dez
"1200","RD033",2017-01-18,2017,421,2017 jan
"1201","RD033",2017-02-22,2017,113,2017 fev
"1202","RD033",2017-07-17,2017,52.8,2017 jul
"1203","RD033",2017-08-08,2017,28,2017 ago
"1204","RD033",2017-09-12,2017,57.5,2017 set
"1205","RD033",2017-10-11,2017,10.5,2017 out
"1206","RD033",2017-11-07,2017,54.8,2017 nov
"1207","RD033",2017-12-06,2017,2398,2017 dez
"1208","RD035",2017-01-13,2017,68.3,2017 jan
"1209","RD035",2017-02-21,2017,270,2017 fev
"1210","RD035",2017-07-21,2017,52.1,2017 jul
"1211","RD035",2017-08-08,2017,34.7,2017 ago
"1212","RD035",2017-09-12,2017,135,2017 set
"1213","RD035",2017-10-06,2017,42.8,2017 out
"1214","RD035",2017-11-07,2017,56.2,2017 nov
"1215","RD035",2017-12-06,2017,3062,2017 dez
"1216","RD044",2017-01-18,2017,156,2017 jan
"1217","RD044",2017-02-22,2017,81.6,2017 fev
"1218","RD044",2017-07-17,2017,7.34,2017 jul
"1219","RD044",2017-08-09,2017,15.4,2017 ago
"1220","RD044",2017-09-13,2017,7.02,2017 set
"1221","RD044",2017-10-11,2017,4.6,2017 out
"1222","RD044",2017-11-08,2017,73.1,2017 nov
"1223","RD044",2017-12-06,2017,3849,2017 dez
"1224","RD045",2017-01-18,2017,222,2017 jan
"1225","RD045",2017-02-22,2017,39.9,2017 fev
"1226","RD045",2017-07-17,2017,4.62,2017 jul
"1227","RD045",2017-08-09,2017,9.05,2017 ago
"1228","RD045",2017-09-13,2017,6.16,2017 set
"1229","RD045",2017-10-11,2017,6.94,2017 out
"1230","RD045",2017-11-08,2017,79.9,2017 nov
"1231","RD045",2017-12-06,2017,1449,2017 dez
"1232","RD053",2017-01-23,2017,85.3,2017 jan
"1233","RD053",2017-02-23,2017,42.8,2017 fev
"1234","RD053",2017-07-20,2017,4,2017 jul
"1235","RD053",2017-08-09,2017,5.36,2017 ago
"1236","RD053",2017-09-13,2017,4.78,2017 set
"1237","RD053",2017-10-16,2017,7.92,2017 out
"1238","RD053",2017-11-08,2017,141,2017 nov
"1239","RD053",2017-12-07,2017,2401,2017 dez
"1240","RD058",2017-01-23,2017,97.6,2017 jan
"1241","RD058",2017-02-23,2017,101,2017 fev
"1242","RD058",2017-07-20,2017,5.59,2017 jul
"1243","RD058",2017-08-10,2017,6.44,2017 ago
"1244","RD058",2017-09-14,2017,4.21,2017 set
"1245","RD058",2017-10-16,2017,2.99,2017 out
"1246","RD058",2017-11-09,2017,108,2017 nov
"1247","RD058",2017-12-07,2017,1025,2017 dez
"1248","RD059",2017-01-20,2017,163,2017 jan
"1249","RD059",2017-02-23,2017,103,2017 fev
"1250","RD059",2017-07-19,2017,15.4,2017 jul
"1251","RD059",2017-08-10,2017,6.6,2017 ago
"1252","RD059",2017-09-14,2017,5.27,2017 set
"1253","RD059",2017-10-12,2017,4.11,2017 out
"1254","RD059",2017-11-09,2017,90.3,2017 nov
"1255","RD059",2017-12-07,2017,725,2017 dez
"1256","RD067",2017-01-20,2017,153,2017 jan
"1257","RD067",2017-02-23,2017,67.6,2017 fev
"1258","RD067",2017-07-19,2017,7.54,2017 jul
"1259","RD067",2017-08-10,2017,19.8,2017 ago
"1260","RD067",2017-09-14,2017,7.32,2017 set
"1261","RD067",2017-10-12,2017,5.43,2017 out
"1262","RD067",2017-11-09,2017,32.9,2017 nov
"1263","RD067",2017-12-07,2017,426,2017 dez
"1264","RD071",2017-01-10,2017,161,2017 jan
"1265","RD071",2017-02-20,2017,53.2,2017 fev
"1266","RD071",2017-07-18,2017,16.5,2017 jul
"1267","RD071",2017-08-07,2017,15.2,2017 ago
"1268","RD071",2017-09-11,2017,6.04,2017 set
"1269","RD071",2017-10-03,2017,18.6,2017 out
"1270","RD071",2017-11-06,2017,586,2017 nov
"1271","RD071",2017-12-04,2017,608,2017 dez
"1272","RD072",2017-01-11,2017,84.8,2017 jan
"1273","RD072",2017-02-21,2017,35.1,2017 fev
"1274","RD072",2017-07-19,2017,10.2,2017 jul
"1275","RD072",2017-08-07,2017,11.9,2017 ago
"1276","RD072",2017-09-12,2017,6.63,2017 set
"1277","RD072",2017-10-04,2017,14.7,2017 out
"1278","RD072",2017-11-07,2017,186,2017 nov
"1279","RD072",2017-12-05,2017,1094,2017 dez
"1280","RD083",2017-01-18,2017,315,2017 jan
"1281","RD083",2017-02-22,2017,47.5,2017 fev
"1282","RD083",2017-07-17,2017,11.6,2017 jul
"1283","RD083",2017-08-09,2017,31.6,2017 ago
"1284","RD083",2017-09-13,2017,19,2017 set
"1285","RD083",2017-10-11,2017,6.2,2017 out
"1286","RD083",2017-11-08,2017,47.6,2017 nov
"1287","RD083",2017-12-06,2017,2524,2017 dez
"1288","RD011",2018-01-09,2018,229,2018 jan
"1289","RD011",2018-02-05,2018,732,2018 fev
"1290","RD011",2018-03-05,2018,250,2018 mar
"1291","RD019",2018-01-10,2018,154,2018 jan
"1292","RD019",2018-02-06,2018,663,2018 fev
"1293","RD019",2018-03-06,2018,197,2018 mar
"1294","RD023",2018-01-12,2018,124,2018 jan
"1295","RD023",2018-03-06,2018,250,2018 mar
"1296","RD033",2018-01-17,2018,80.7,2018 jan
"1297","RD033",2018-02-06,2018,240,2018 fev
"1298","RD033",2018-03-07,2018,230,2018 mar
"1299","RD035",2018-01-12,2018,145,2018 jan
"1300","RD035",2018-02-06,2018,337,2018 fev
"1301","RD035",2018-03-06,2018,254,2018 mar
"1302","RD044",2018-01-17,2018,35.3,2018 jan
"1303","RD044",2018-02-07,2018,694,2018 fev
"1304","RD044",2018-03-07,2018,235,2018 mar
"1305","RD045",2018-01-17,2018,41.6,2018 jan
"1306","RD045",2018-02-07,2018,674,2018 fev
"1307","RD045",2018-03-07,2018,230,2018 mar
"1308","RD053",2018-01-22,2018,27.5,2018 jan
"1309","RD053",2018-02-07,2018,364,2018 fev
"1310","RD053",2018-03-07,2018,190,2018 mar
"1311","RD058",2018-01-22,2018,24.8,2018 jan
"1312","RD058",2018-02-08,2018,919,2018 fev
"1313","RD058",2018-03-08,2018,194,2018 mar
"1314","RD059",2018-01-19,2018,36.3,2018 jan
"1315","RD059",2018-02-08,2018,626,2018 fev
"1316","RD059",2018-03-08,2018,185,2018 mar
"1317","RD067",2018-01-19,2018,61.4,2018 jan
"1318","RD067",2018-02-08,2018,591,2018 fev
"1319","RD067",2018-03-08,2018,155,2018 mar
"1320","RD071",2018-01-09,2018,136,2018 jan
"1321","RD071",2018-02-05,2018,521,2018 fev
"1322","RD071",2018-03-05,2018,118,2018 mar
"1323","RD072",2018-01-10,2018,109,2018 jan
"1324","RD072",2018-02-05,2018,235,2018 fev
"1325","RD072",2018-03-06,2018,178,2018 mar
"1326","RD083",2018-01-17,2018,39.6,2018 jan
"1327","RD083",2018-02-07,2018,612,2018 fev
"1328","RD083",2018-03-07,2018,300,2018 mar
"1329","RD011",2018-04-10,2018,122,2018 abr
"1330","RD011",2018-05-07,2018,17,2018 mai
"1331","RD011",2018-06-04,2018,11.7,2018 jun
"1332","RD019",2018-04-11,2018,184,2018 abr
"1333","RD019",2018-05-08,2018,22.7,2018 mai
"1334","RD019",2018-06-05,2018,11.2,2018 jun
"1335","RD023",2018-04-13,2018,211,2018 abr
"1336","RD023",2018-05-08,2018,43.3,2018 mai
"1337","RD023",2018-06-05,2018,15.8,2018 jun
"1338","RD033",2018-04-18,2018,95,2018 abr
"1339","RD033",2018-05-09,2018,39.1,2018 mai
"1340","RD033",2018-06-06,2018,20.7,2018 jun
"1341","RD035",2018-04-13,2018,105,2018 abr
"1342","RD035",2018-05-08,2018,41.8,2018 mai
"1343","RD035",2018-06-05,2018,20,2018 jun
"1344","RD044",2018-04-18,2018,59.6,2018 abr
"1345","RD044",2018-05-09,2018,13.1,2018 mai
"1346","RD044",2018-06-06,2018,12.4,2018 jun
"1347","RD045",2018-04-18,2018,73.4,2018 abr
"1348","RD045",2018-05-09,2018,13.2,2018 mai
"1349","RD045",2018-06-06,2018,10.7,2018 jun
"1350","RD053",2018-04-20,2018,56,2018 abr
"1351","RD053",2018-05-10,2018,19.3,2018 mai
"1352","RD053",2018-06-07,2018,9.87,2018 jun
"1353","RD058",2018-04-22,2018,48.8,2018 abr
"1354","RD058",2018-05-10,2018,26.8,2018 mai
"1355","RD058",2018-06-07,2018,11.8,2018 jun
"1356","RD059",2018-04-22,2018,41.4,2018 abr
"1357","RD059",2018-05-10,2018,19.6,2018 mai
"1358","RD059",2018-06-07,2018,9.57,2018 jun
"1359","RD067",2018-04-22,2018,53.4,2018 abr
"1360","RD067",2018-05-10,2018,16.5,2018 mai
"1361","RD067",2018-06-07,2018,7.57,2018 jun
"1362","RD071",2018-04-10,2018,66.8,2018 abr
"1363","RD071",2018-05-07,2018,18.3,2018 mai
"1364","RD071",2018-06-04,2018,9.12,2018 jun
"1365","RD072",2018-04-11,2018,98.4,2018 abr
"1366","RD072",2018-05-08,2018,14.1,2018 mai
"1367","RD072",2018-06-05,2018,8.87,2018 jun
"1368","RD083",2018-04-18,2018,44.3,2018 abr
"1369","RD083",2018-05-09,2018,16.1,2018 mai
"1370","RD083",2018-06-06,2018,17.4,2018 jun
"1371","RD011",2018-07-24,2018,9.12,2018 jul
"1372","RD011",2018-08-06,2018,28.1,2018 ago
"1373","RD011",2018-09-10,2018,5.97,2018 set
"1374","RD019",2018-07-25,2018,10.8,2018 jul
"1375","RD019",2018-08-07,2018,94.2,2018 ago
"1376","RD019",2018-09-11,2018,9.47,2018 set
"1377","RD023",2018-07-27,2018,13.7,2018 jul
"1378","RD023",2018-08-07,2018,47.2,2018 ago
"1379","RD023",2018-09-11,2018,27.2,2018 set
"1380","RD033",2018-07-25,2018,18.3,2018 jul
"1381","RD033",2018-08-08,2018,52.3,2018 ago
"1382","RD033",2018-09-11,2018,16.3,2018 set
"1383","RD035",2018-07-27,2018,66.9,2018 jul
"1384","RD035",2018-08-07,2018,48.4,2018 ago
"1385","RD035",2018-09-11,2018,14.7,2018 set
"1386","RD044",2018-07-25,2018,6.9,2018 jul
"1387","RD044",2018-08-08,2018,8.44,2018 ago
"1388","RD044",2018-09-12,2018,10.2,2018 set
"1389","RD045",2018-07-25,2018,4.7,2018 jul
"1390","RD045",2018-08-08,2018,9.57,2018 ago
"1391","RD045",2018-09-12,2018,19.3,2018 set
"1392","RD053",2018-07-30,2018,4.7,2018 jul
"1393","RD053",2018-08-09,2018,7.94,2018 ago
"1394","RD053",2018-09-12,2018,4.87,2018 set
"1395","RD058",2018-07-30,2018,5.44,2018 jul
"1396","RD058",2018-08-09,2018,8.37,2018 ago
"1397","RD058",2018-09-13,2018,5.27,2018 set
"1398","RD059",2018-07-27,2018,5.17,2018 jul
"1399","RD059",2018-08-09,2018,8.07,2018 ago
"1400","RD059",2018-09-13,2018,4.97,2018 set
"1401","RD067",2018-07-27,2018,6.53,2018 jul
"1402","RD067",2018-08-09,2018,4.1,2018 ago
"1403","RD067",2018-09-13,2018,5.84,2018 set
"1404","RD071",2018-07-24,2018,7.86,2018 jul
"1405","RD071",2018-08-06,2018,18.4,2018 ago
"1406","RD071",2018-09-10,2018,7.54,2018 set
"1407","RD072",2018-07-25,2018,6.24,2018 jul
"1408","RD072",2018-08-07,2018,317,2018 ago
"1409","RD072",2018-09-10,2018,11.7,2018 set
"1410","RD083",2018-07-25,2018,9.47,2018 jul
"1411","RD083",2018-08-08,2018,14.4,2018 ago
"1412","RD083",2018-09-12,2018,24.3,2018 set
"1413","RD011",2018-10-09,2018,7.2,2018 out
"1414","RD011",2018-11-05,2018,84.4,2018 nov
"1415","RD011",2018-12-10,2018,51.7,2018 dez
"1416","RD019",2018-10-10,2018,12.3,2018 out
"1417","RD019",2018-11-06,2018,63.4,2018 nov
"1418","RD019",2018-12-11,2018,224,2018 dez
"1419","RD023",2018-10-12,2018,7.14,2018 out
"1420","RD023",2018-11-06,2018,57.4,2018 nov
"1421","RD023",2018-12-11,2018,194,2018 dez
"1422","RD033",2018-10-17,2018,102,2018 out
"1423","RD033",2018-11-06,2018,57.1,2018 nov
"1424","RD033",2018-12-11,2018,175,2018 dez
"1425","RD035",2018-10-12,2018,15.6,2018 out
"1426","RD035",2018-11-06,2018,57.8,2018 nov
"1427","RD035",2018-12-11,2018,163,2018 dez
"1428","RD044",2018-10-17,2018,9.47,2018 out
"1429","RD044",2018-11-07,2018,39.7,2018 nov
"1430","RD044",2018-12-12,2018,147,2018 dez
"1431","RD045",2018-10-17,2018,11.5,2018 out
"1432","RD045",2018-11-07,2018,31.7,2018 nov
"1433","RD045",2018-12-12,2018,164,2018 dez
"1434","RD053",2018-10-24,2018,21.1,2018 out
"1435","RD053",2018-11-07,2018,38.1,2018 nov
"1436","RD053",2018-12-13,2018,130,2018 dez
"1437","RD058",2018-10-24,2018,17.7,2018 out
"1438","RD058",2018-11-08,2018,43.4,2018 nov
"1439","RD058",2018-12-13,2018,147,2018 dez
"1440","RD059",2018-10-19,2018,8.57,2018 out
"1441","RD059",2018-11-08,2018,47.8,2018 nov
"1442","RD059",2018-12-13,2018,112,2018 dez
"1443","RD067",2018-10-19,2018,8.18,2018 out
"1444","RD067",2018-11-08,2018,41.5,2018 nov
"1445","RD067",2018-12-13,2018,102,2018 dez
"1446","RD071",2018-10-09,2018,10,2018 out
"1447","RD071",2018-11-05,2018,47.3,2018 nov
"1448","RD071",2018-12-10,2018,45.4,2018 dez
"1449","RD072",2018-10-10,2018,7.94,2018 out
"1450","RD072",2018-11-05,2018,35.7,2018 nov
"1451","RD072",2018-12-10,2018,285,2018 dez
"1452","RD083",2018-10-17,2018,19.7,2018 out
"1453","RD083",2018-11-07,2018,37.9,2018 nov
"1454","RD083",2018-12-12,2018,160,2018 dez
"1455","RD011",2019-01-15,2019,19.4,2019 jan
"1456","RD011",2019-02-25,2019,34.1,2019 fev
"1457","RD011",2019-03-25,2019,117,2019 mar
"1458","RD019",2019-01-16,2019,27.1,2019 jan
"1459","RD019",2019-02-26,2019,37.4,2019 fev
"1460","RD019",2019-03-26,2019,167,2019 mar
"1461","RD023",2019-01-18,2019,46.7,2019 jan
"1462","RD023",2019-02-26,2019,47.4,2019 fev
"1463","RD023",2019-03-26,2019,127,2019 mar
"1464","RD033",2019-01-23,2019,24.7,2019 jan
"1465","RD033",2019-02-27,2019,48.7,2019 fev
"1466","RD033",2019-03-26,2019,120,2019 mar
"1467","RD035",2019-01-18,2019,45.7,2019 jan
"1468","RD035",2019-02-26,2019,55.7,2019 fev
"1469","RD035",2019-03-26,2019,104,2019 mar
"1470","RD044",2019-01-23,2019,15.4,2019 jan
"1471","RD044",2019-02-27,2019,53.7,2019 fev
"1472","RD044",2019-03-27,2019,94.1,2019 mar
"1473","RD045",2019-01-23,2019,14.3,2019 jan
"1474","RD045",2019-02-27,2019,44.4,2019 fev
"1475","RD045",2019-03-27,2019,104,2019 mar
"1476","RD053",2019-01-28,2019,12.1,2019 jan
"1477","RD053",2019-02-28,2019,164,2019 fev
"1478","RD053",2019-03-27,2019,117,2019 mar
"1479","RD058",2019-01-28,2019,9.74,2019 jan
"1480","RD058",2019-02-28,2019,91.2,2019 fev
"1481","RD058",2019-03-28,2019,95.7,2019 mar
"1482","RD059",2019-01-25,2019,9.88,2019 jan
"1483","RD059",2019-02-28,2019,47.4,2019 fev
"1484","RD059",2019-03-28,2019,114,2019 mar
"1485","RD067",2019-01-25,2019,11.8,2019 jan
"1486","RD067",2019-02-28,2019,54.8,2019 fev
"1487","RD067",2019-03-28,2019,104,2019 mar
"1488","RD071",2019-01-15,2019,24.4,2019 jan
"1489","RD071",2019-02-25,2019,24.7,2019 fev
"1490","RD071",2019-03-25,2019,73.4,2019 mar
"1491","RD072",2019-01-16,2019,21.7,2019 jan
"1492","RD072",2019-02-26,2019,34.8,2019 fev
"1493","RD072",2019-03-25,2019,170,2019 mar
"1494","RD083",2019-01-23,2019,18.7,2019 jan
"1495","RD083",2019-02-27,2019,41.5,2019 fev
"1496","RD083",2019-03-27,2019,91.7,2019 mar
"1497","RD011",2019-04-02,2019,118,2019 abr
"1498","RD011",2019-05-08,2019,79.4,2019 mai
"1499","RD011",2019-06-03,2019,12.1,2019 jun
"1500","RD019",2019-04-03,2019,37.7,2019 abr
"1501","RD019",2019-05-07,2019,19.4,2019 mai
"1502","RD019",2019-06-04,2019,12.5,2019 jun
"1503","RD023",2019-04-05,2019,37.4,2019 abr
"1504","RD023",2019-05-07,2019,25.5,2019 mai
"1505","RD033",2019-04-10,2019,77.4,2019 abr
"1506","RD033",2019-05-07,2019,37.4,2019 mai
"1507","RD033",2019-06-04,2019,14.4,2019 jun
"1508","RD035",2019-04-05,2019,37.1,2019 abr
"1509","RD035",2019-05-07,2019,34.1,2019 mai
"1510","RD035",2019-06-04,2019,13.1,2019 jun
"1511","RD044",2019-04-10,2019,35.9,2019 abr
"1512","RD044",2019-05-09,2019,14.7,2019 mai
"1513","RD044",2019-06-05,2019,7.74,2019 jun
"1514","RD045",2019-04-10,2019,34.7,2019 abr
"1515","RD045",2019-05-09,2019,13.7,2019 mai
"1516","RD045",2019-06-05,2019,7.07,2019 jun
"1517","RD053",2019-04-15,2019,40.7,2019 abr
"1518","RD053",2019-05-09,2019,12.1,2019 mai
"1519","RD053",2019-06-05,2019,6.17,2019 jun
"1520","RD058",2019-04-15,2019,40.1,2019 abr
"1521","RD058",2019-05-10,2019,9.47,2019 mai
"1522","RD058",2019-06-06,2019,5.53,2019 jun
"1523","RD059",2019-04-12,2019,84.1,2019 abr
"1524","RD059",2019-05-10,2019,10.8,2019 mai
"1525","RD059",2019-06-06,2019,5.74,2019 jun
"1526","RD067",2019-04-12,2019,20.4,2019 abr
"1527","RD067",2019-05-10,2019,7.46,2019 mai
"1528","RD067",2019-06-06,2019,5.49,2019 jun
"1529","RD071",2019-04-02,2019,30.4,2019 abr
"1530","RD071",2019-05-08,2019,48.5,2019 mai
"1531","RD071",2019-06-03,2019,6.84,2019 jun
"1532","RD072",2019-04-03,2019,72.4,2019 abr
"1533","RD072",2019-05-08,2019,21.4,2019 mai
"1534","RD072",2019-06-03,2019,7.14,2019 jun
"1535","RD083",2019-04-10,2019,48.4,2019 abr
"1536","RD083",2019-05-09,2019,19.4,2019 mai
"1537","RD083",2019-06-05,2019,15.4,2019 jun
"1538","RD011",2019-07-09,2019,6.84,2019 jul
"1539","RD011",2019-08-05,2019,4.1,2019 ago
"1540","RD011",2019-09-02,2019,4.41,2019 set
"1541","RD019",2019-07-10,2019,6.7,2019 jul
"1542","RD019",2019-08-06,2019,7.03,2019 ago
"1543","RD019",2019-09-03,2019,9.03,2019 set
"1544","RD023",2019-07-12,2019,9.3,2019 jul
"1545","RD023",2019-08-06,2019,8.07,2019 ago
"1546","RD023",2019-09-03,2019,9.3,2019 set
"1547","RD033",2019-07-10,2019,10.7,2019 jul
"1548","RD033",2019-08-06,2019,9.16,2019 ago
"1549","RD033",2019-09-04,2019,10.7,2019 set
"1550","RD035",2019-07-12,2019,9.47,2019 jul
"1551","RD035",2019-08-06,2019,6.24,2019 ago
"1552","RD035",2019-09-03,2019,13.4,2019 set
"1553","RD044",2019-07-10,2019,8.34,2019 jul
"1554","RD044",2019-08-07,2019,4.07,2019 ago
"1555","RD044",2019-09-04,2019,7.34,2019 set
"1556","RD045",2019-07-10,2019,5.21,2019 jul
"1557","RD045",2019-08-07,2019,3.03,2019 ago
"1558","RD045",2019-09-04,2019,6.94,2019 set
"1559","RD053",2019-07-15,2019,3.87,2019 jul
"1560","RD053",2019-08-07,2019,2.14,2019 ago
"1561","RD053",2019-09-04,2019,5.7,2019 set
"1562","RD058",2019-07-15,2019,3.17,2019 jul
"1563","RD058",2019-08-08,2019,3.73,2019 ago
"1564","RD058",2019-09-05,2019,4.45,2019 set
"1565","RD059",2019-07-12,2019,6.26,2019 jul
"1566","RD059",2019-08-08,2019,4.07,2019 ago
"1567","RD059",2019-09-05,2019,4.74,2019 set
"1568","RD067",2019-07-12,2019,4.98,2019 jul
"1569","RD067",2019-08-08,2019,3.17,2019 ago
"1570","RD067",2019-09-05,2019,1.55,2019 set
"1571","RD071",2019-07-09,2019,4.78,2019 jul
"1572","RD071",2019-08-05,2019,3.84,2019 ago
"1573","RD071",2019-09-02,2019,5.02,2019 set
"1574","RD072",2019-07-10,2019,3.94,2019 jul
"1575","RD072",2019-08-05,2019,4.31,2019 ago
"1576","RD072",2019-09-02,2019,4.43,2019 set
"1577","RD083",2019-07-10,2019,8.57,2019 jul
"1578","RD083",2019-08-07,2019,4.95,2019 ago
"1579","RD083",2019-09-04,2019,16.4,2019 set
"1580","RD011",2019-10-08,2019,5.17,2019 out
"1581","RD011",2019-11-04,2019,37.3,2019 nov
"1582","RD011",2019-12-09,2019,114,2019 dez
"1583","RD019",2019-10-09,2019,6.73,2019 out
"1584","RD019",2019-11-05,2019,18.4,2019 nov
"1585","RD019",2019-12-10,2019,147,2019 dez
"1586","RD023",2019-10-11,2019,7.94,2019 out
"1587","RD023",2019-11-05,2019,35.6,2019 nov
"1588","RD023",2019-12-10,2019,204,2019 dez
"1589","RD033",2019-10-16,2019,6.07,2019 out
"1590","RD033",2019-11-05,2019,57.7,2019 nov
"1591","RD033",2019-12-10,2019,287,2019 dez
"1592","RD035",2019-10-11,2019,12.3,2019 out
"1593","RD035",2019-11-05,2019,55.4,2019 nov
"1594","RD035",2019-12-10,2019,243,2019 dez
"1595","RD044",2019-10-16,2019,5.37,2019 out
"1596","RD044",2019-11-06,2019,9.37,2019 nov
"1597","RD044",2019-12-11,2019,177,2019 dez
"1598","RD045",2019-10-16,2019,5.17,2019 out
"1599","RD045",2019-11-06,2019,10.4,2019 nov
"1600","RD045",2019-12-11,2019,204,2019 dez
"1601","RD053",2019-10-21,2019,2.83,2019 out
"1602","RD053",2019-11-06,2019,23.4,2019 nov
"1603","RD053",2019-12-11,2019,213,2019 dez
"1604","RD058",2019-10-21,2019,2.05,2019 out
"1605","RD058",2019-11-07,2019,31.7,2019 nov
"1606","RD058",2019-12-12,2019,183,2019 dez
"1607","RD059",2019-10-18,2019,7.94,2019 out
"1608","RD059",2019-11-07,2019,40.1,2019 nov
"1609","RD059",2019-12-12,2019,197,2019 dez
"1610","RD067",2019-10-18,2019,2.04,2019 out
"1611","RD067",2019-11-07,2019,40.4,2019 nov
"1612","RD067",2019-12-12,2019,147,2019 dez
"1613","RD071",2019-10-08,2019,5.17,2019 out
"1614","RD071",2019-11-04,2019,14.7,2019 nov
"1615","RD071",2019-12-09,2019,61.5,2019 dez
"1616","RD072",2019-10-09,2019,4.47,2019 out
"1617","RD072",2019-11-04,2019,19,2019 nov
"1618","RD072",2019-12-09,2019,370,2019 dez
"1619","RD083",2019-10-16,2019,8.03,2019 out
"1620","RD083",2019-11-06,2019,19.3,2019 nov
"1621","RD083",2019-12-11,2019,150,2019 dez
"1622","RD011",2020-01-14,2020,127,2020 jan
"1623","RD019",2020-01-16,2020,109,2020 jan
"1624","RD023",2020-01-20,2020,164,2020 jan
"1625","RD033",2020-01-23,2020,264,2020 jan
"1626","RD035",2020-01-17,2020,149,2020 jan
"1627","RD044",2020-01-23,2020,154,2020 jan
"1628","RD045",2020-01-23,2020,173,2020 jan
"1629","RD053",2020-01-28,2020,925,2020 jan
"1630","RD058",2020-01-28,2020,1346,2020 jan
"1631","RD059",2020-01-24,2020,238,2020 jan
"1632","RD067",2020-01-24,2020,357,2020 jan
"1633","RD071",2020-01-14,2020,98.1,2020 jan
"1634","RD072",2020-01-15,2020,131,2020 jan
"1635","RD083",2020-01-23,2020,273,2020 jan
"1636","RD011",2020-02-03,2020,307,2020 fev
"1637","RD019",2020-02-04,2020,285,2020 fev
"1638","RD023",2020-02-04,2020,197,2020 fev
"1639","RD033",2020-02-04,2020,196,2020 fev
"1640","RD035",2020-02-04,2020,193,2020 fev
"1641","RD044",2020-02-05,2020,117,2020 fev
"1642","RD045",2020-02-05,2020,120,2020 fev
"1643","RD053",2020-02-05,2020,143,2020 fev
"1644","RD058",2020-02-06,2020,134,2020 fev
"1645","RD059",2020-02-06,2020,127,2020 fev
"1646","RD067",2020-02-06,2020,90.4,2020 fev
"1647","RD071",2020-02-03,2020,172,2020 fev
"1648","RD072",2020-02-03,2020,236,2020 fev
"1649","RD083",2020-02-05,2020,94.8,2020 fev
"1650","RD011",2020-03-02,2020,885,2020 mar
"1651","RD019",2020-03-03,2020,652,2020 mar
"1652","RD023",2020-03-03,2020,543,2020 mar
"1653","RD033",2020-03-04,2020,447,2020 mar
"1654","RD035",2020-03-03,2020,384,2020 mar
"1655","RD044",2020-03-04,2020,461,2020 mar
"1656","RD045",2020-03-04,2020,463,2020 mar
"1657","RD053",2020-03-04,2020,329,2020 mar
"1658","RD058",2020-03-05,2020,440,2020 mar
"1659","RD059",2020-03-05,2020,447,2020 mar
"1660","RD067",2020-03-05,2020,508,2020 mar
"1661","RD071",2020-03-02,2020,540,2020 mar
"1662","RD072",2020-03-02,2020,536,2020 mar
"1663","RD083",2020-03-04,2020,217,2020 mar
"1664","RD011",2020-05-06,2020,16.6,2020 mai
"1665","RD019",2020-05-07,2020,30.9,2020 mai
"1666","RD023",2020-05-12,2020,24.6,2020 mai
"1667","RD033",2020-05-18,2020,54.7,2020 mai
"1668","RD035",2020-05-12,2020,60.3,2020 mai
"1669","RD044",2020-05-18,2020,61.6,2020 mai
"1670","RD045",2020-05-18,2020,33.4,2020 mai
"1671","RD053",2020-05-20,2020,37.4,2020 mai
"1672","RD058",2020-05-20,2020,53.4,2020 mai
"1673","RD059",2020-05-20,2020,35.8,2020 mai
"1674","RD067",2020-05-20,2020,43.4,2020 mai
"1675","RD071",2020-05-06,2020,10.6,2020 mai
"1676","RD072",2020-05-06,2020,12.1,2020 mai
"1677","RD083",2020-05-18,2020,22.9,2020 mai
"1678","RD011",2020-06-01,2020,10.1,2020 jun
"1679","RD019",2020-06-02,2020,26.7,2020 jun
"1680","RD023",2020-06-02,2020,34.5,2020 jun
"1681","RD033",2020-06-02,2020,43,2020 jun
"1682","RD035",2020-06-02,2020,34.5,2020 jun
"1683","RD044",2020-06-03,2020,30.6,2020 jun
"1684","RD045",2020-06-03,2020,28.3,2020 jun
"1685","RD053",2020-06-03,2020,33.1,2020 jun
"1686","RD058",2020-06-04,2020,36.4,2020 jun
"1687","RD059",2020-06-04,2020,33.4,2020 jun
"1688","RD067",2020-06-04,2020,27.2,2020 jun
"1689","RD071",2020-06-01,2020,7.95,2020 jun
"1690","RD072",2020-06-01,2020,16.2,2020 jun
"1691","RD083",2020-06-03,2020,30.1,2020 jun
"1692","RD011",2020-07-07,2020,10.7,2020 jul
"1693","RD011",2020-08-03,2020,7.52,2020 ago
"1694","RD011",2020-09-14,2020,4.69,2020 set
"1695","RD011",2020-10-06,2020,3.57,2020 out
"1696","RD011",2020-11-09,2020,29.7,2020 nov
"1697","RD011",2020-12-14,2020,257,2020 dez
"1698","RD019",2020-07-09,2020,17.3,2020 jul
"1699","RD019",2020-08-04,2020,11.9,2020 ago
"1700","RD019",2020-09-15,2020,10.2,2020 set
"1701","RD019",2020-10-08,2020,7.69,2020 out
"1702","RD019",2020-11-10,2020,30.1,2020 nov
"1703","RD019",2020-12-15,2020,202,2020 dez
"1704","RD023",2020-07-15,2020,23.2,2020 jul
"1705","RD023",2020-08-04,2020,17.8,2020 ago
"1706","RD023",2020-09-15,2020,12.2,2020 set
"1707","RD023",2020-10-14,2020,19.7,2020 out
"1708","RD023",2020-11-10,2020,54.1,2020 nov
"1709","RD023",2020-12-15,2020,181,2020 dez
"1710","RD033",2020-07-20,2020,22.5,2020 jul
"1711","RD033",2020-08-04,2020,21.6,2020 ago
"1712","RD033",2020-09-15,2020,12.5,2020 set
"1713","RD033",2020-10-19,2020,32.4,2020 out
"1714","RD033",2020-11-10,2020,67,2020 nov
"1715","RD033",2020-12-15,2020,184,2020 dez
"1716","RD035",2020-07-14,2020,22.3,2020 jul
"1717","RD035",2020-08-04,2020,33.1,2020 ago
"1718","RD035",2020-09-15,2020,14.6,2020 set
"1719","RD035",2020-10-14,2020,15.7,2020 out
"1720","RD035",2020-11-10,2020,90.7,2020 nov
"1721","RD035",2020-12-15,2020,192,2020 dez
"1722","RD044",2020-07-20,2020,8.38,2020 jul
"1723","RD044",2020-08-05,2020,7.21,2020 ago
"1724","RD044",2020-09-16,2020,8.15,2020 set
"1725","RD044",2020-10-19,2020,27.2,2020 out
"1726","RD044",2020-11-11,2020,56.9,2020 nov
"1727","RD044",2020-12-16,2020,110,2020 dez
"1728","RD045",2020-07-20,2020,9.66,2020 jul
"1729","RD045",2020-08-05,2020,7.37,2020 ago
"1730","RD045",2020-09-16,2020,5.48,2020 set
"1731","RD045",2020-10-19,2020,22.4,2020 out
"1732","RD045",2020-11-11,2020,46.9,2020 nov
"1733","RD045",2020-12-16,2020,126,2020 dez
"1734","RD053",2020-07-23,2020,12.3,2020 jul
"1735","RD053",2020-08-05,2020,7.42,2020 ago
"1736","RD053",2020-09-16,2020,5.71,2020 set
"1737","RD053",2020-10-21,2020,19.3,2020 out
"1738","RD053",2020-11-11,2020,47,2020 nov
"1739","RD053",2020-12-16,2020,158,2020 dez
"1740","RD058",2020-07-23,2020,12.5,2020 jul
"1741","RD058",2020-08-06,2020,9.49,2020 ago
"1742","RD058",2020-09-17,2020,5.3,2020 set
"1743","RD058",2020-10-21,2020,30.9,2020 out
"1744","RD058",2020-11-12,2020,42.1,2020 nov
"1745","RD058",2020-12-17,2020,134,2020 dez
"1746","RD059",2020-07-22,2020,9.03,2020 jul
"1747","RD059",2020-08-06,2020,6.97,2020 ago
"1748","RD059",2020-09-17,2020,13.2,2020 set
"1749","RD059",2020-10-21,2020,8.08,2020 out
"1750","RD059",2020-11-12,2020,23.8,2020 nov
"1751","RD059",2020-12-17,2020,120,2020 dez
"1752","RD067",2020-07-22,2020,8.2,2020 jul
"1753","RD067",2020-08-06,2020,3.8,2020 ago
"1754","RD067",2020-09-17,2020,2.92,2020 set
"1755","RD067",2020-10-21,2020,10.8,2020 out
"1756","RD067",2020-11-12,2020,35.9,2020 nov
"1757","RD067",2020-12-17,2020,104,2020 dez
"1758","RD071",2020-07-07,2020,9.58,2020 jul
"1759","RD071",2020-08-03,2020,7.02,2020 ago
"1760","RD071",2020-09-14,2020,6.54,2020 set
"1761","RD071",2020-10-06,2020,4.82,2020 out
"1762","RD071",2020-11-09,2020,23.3,2020 nov
"1763","RD071",2020-12-14,2020,140,2020 dez
"1764","RD072",2020-07-09,2020,11.5,2020 jul
"1765","RD072",2020-08-03,2020,8.05,2020 ago
"1766","RD072",2020-09-14,2020,5.61,2020 set
"1767","RD072",2020-10-07,2020,4,2020 out
"1768","RD072",2020-11-09,2020,29.4,2020 nov
"1769","RD072",2020-12-15,2020,91.4,2020 dez
"1770","RD083",2020-07-20,2020,8.78,2020 jul
"1771","RD083",2020-08-05,2020,13.3,2020 ago
"1772","RD083",2020-09-16,2020,7.53,2020 set
"1773","RD083",2020-10-19,2020,23.8,2020 out
"1774","RD083",2020-11-11,2020,34.8,2020 nov
"1775","RD083",2020-12-16,2020,315,2020 dez
"1776","RD011",2021-01-12,2021,255,2021 jan
"1777","RD011",2021-02-08,2021,1036,2021 fev
"1778","RD011",2021-03-08,2021,93.1,2021 mar
"1779","RD011",2021-04-06,2021,22.7,2021 abr
"1780","RD011",2021-05-10,2021,4.72,2021 mai
"1781","RD011",2021-06-01,2021,18.3,2021 jun
"1782","RD019",2021-01-14,2021,219,2021 jan
"1783","RD019",2021-02-09,2021,322,2021 fev
"1784","RD019",2021-03-09,2021,115,2021 mar
"1785","RD019",2021-04-08,2021,43.4,2021 abr
"1786","RD019",2021-05-11,2021,16.6,2021 mai
"1787","RD019",2021-06-02,2021,5.87,2021 jun
"1788","RD023",2021-01-18,2021,104,2021 jan
"1789","RD023",2021-02-09,2021,200,2021 fev
"1790","RD023",2021-03-09,2021,317,2021 mar
"1791","RD023",2021-04-12,2021,43.6,2021 abr
"1792","RD023",2021-05-11,2021,27.5,2021 mai
"1793","RD023",2021-06-02,2021,6.8,2021 jun
"1794","RD033",2021-01-24,2021,51,2021 jan
"1795","RD033",2021-02-09,2021,432,2021 fev
"1796","RD033",2021-03-09,2021,144,2021 mar
"1797","RD033",2021-04-15,2021,49.8,2021 abr
"1798","RD033",2021-05-11,2021,27.4,2021 mai
"1799","RD033",2021-06-02,2021,6.58,2021 jun
"1800","RD035",2021-01-15,2021,170,2021 jan
"1801","RD035",2021-02-09,2021,283,2021 fev
"1802","RD035",2021-03-09,2021,192,2021 mar
"1803","RD035",2021-04-09,2021,37.5,2021 abr
"1804","RD035",2021-05-11,2021,30.2,2021 mai
"1805","RD035",2021-06-02,2021,71.2,2021 jun
"1806","RD044",2021-01-24,2021,34.7,2021 jan
"1807","RD044",2021-02-10,2021,324,2021 fev
"1808","RD044",2021-03-10,2021,84.8,2021 mar
"1809","RD044",2021-04-15,2021,22.7,2021 abr
"1810","RD044",2021-05-12,2021,8.9,2021 mai
"1811","RD044",2021-06-03,2021,7.05,2021 jun
"1812","RD045",2021-01-24,2021,36.5,2021 jan
"1813","RD045",2021-02-10,2021,251,2021 fev
"1814","RD045",2021-03-10,2021,87.1,2021 mar
"1815","RD045",2021-04-15,2021,23.1,2021 abr
"1816","RD045",2021-05-12,2021,12.6,2021 mai
"1817","RD045",2021-06-03,2021,7.4,2021 jun
"1818","RD053",2021-01-26,2021,30.3,2021 jan
"1819","RD053",2021-02-10,2021,172,2021 fev
"1820","RD053",2021-03-11,2021,129,2021 mar
"1821","RD053",2021-04-20,2021,23.7,2021 abr
"1822","RD053",2021-05-12,2021,13.4,2021 mai
"1823","RD053",2021-06-03,2021,7.08,2021 jun
"1824","RD058",2021-01-26,2021,32.4,2021 jan
"1825","RD058",2021-02-11,2021,374,2021 fev
"1826","RD058",2021-03-11,2021,145,2021 mar
"1827","RD058",2021-04-20,2021,26.5,2021 abr
"1828","RD058",2021-05-13,2021,14.6,2021 mai
"1829","RD058",2021-06-03,2021,8.52,2021 jun
"1830","RD059",2021-01-26,2021,31.2,2021 jan
"1831","RD059",2021-02-11,2021,268,2021 fev
"1832","RD059",2021-03-11,2021,149,2021 mar
"1833","RD059",2021-04-19,2021,15,2021 abr
"1834","RD059",2021-05-13,2021,9.55,2021 mai
"1835","RD059",2021-06-03,2021,13.3,2021 jun
"1836","RD067",2021-01-26,2021,33.5,2021 jan
"1837","RD067",2021-02-11,2021,261,2021 fev
"1838","RD067",2021-03-11,2021,90.2,2021 mar
"1839","RD067",2021-04-19,2021,9.3,2021 abr
"1840","RD067",2021-05-13,2021,6.24,2021 mai
"1841","RD067",2021-06-03,2021,3.26,2021 jun
"1842","RD071",2021-01-12,2021,111,2021 jan
"1843","RD071",2021-02-08,2021,448,2021 fev
"1844","RD071",2021-03-08,2021,58.5,2021 mar
"1845","RD071",2021-04-06,2021,21.4,2021 abr
"1846","RD071",2021-05-10,2021,5.26,2021 mai
"1847","RD071",2021-06-01,2021,17.5,2021 jun
"1848","RD072",2021-01-13,2021,216,2021 jan
"1849","RD072",2021-02-08,2021,340,2021 fev
"1850","RD072",2021-03-08,2021,255,2021 mar
"1851","RD072",2021-04-07,2021,40.6,2021 abr
"1852","RD072",2021-05-10,2021,8.41,2021 mai
"1853","RD072",2021-06-01,2021,8.83,2021 jun
"1854","RD083",2021-01-24,2021,40.8,2021 jan
"1855","RD083",2021-02-10,2021,241,2021 fev
"1856","RD083",2021-03-10,2021,70.9,2021 mar
"1857","RD083",2021-04-15,2021,24.5,2021 abr
"1858","RD083",2021-05-12,2021,18.7,2021 mai
"1859","RD083",2021-06-03,2021,14.8,2021 jun
"1860","RD011",2021-07-13,2021,7.61,2021 jul
"1861","RD011",2021-08-10,2021,7.8,2021 ago
"1862","RD011",2021-09-13,2021,6.55,2021 set
"1863","RD011",2021-10-05,2021,73.1,2021 out
"1864","RD011",2021-11-09,2021,53.7,2021 nov
"1865","RD011",2021-12-07,2021,128,2021 dez
"1866","RD019",2021-07-15,2021,7.33,2021 jul
"1867","RD019",2021-08-11,2021,8.34,2021 ago
"1868","RD019",2021-09-14,2021,6.24,2021 set
"1869","RD019",2021-10-07,2021,63.2,2021 out
"1870","RD019",2021-11-10,2021,635,2021 nov
"1871","RD019",2021-12-08,2021,616,2021 dez
"1872","RD023",2021-07-19,2021,11.3,2021 jul
"1873","RD023",2021-08-11,2021,12,2021 ago
"1874","RD023",2021-09-14,2021,7.45,2021 set
"1875","RD023",2021-10-11,2021,54.8,2021 out
"1876","RD023",2021-11-10,2021,1950,2021 nov
"1877","RD023",2021-12-08,2021,326,2021 dez
"1878","RD033",2021-07-22,2021,13,2021 jul
"1879","RD033",2021-08-11,2021,11.6,2021 ago
"1880","RD033",2021-09-14,2021,27.1,2021 set
"1881","RD033",2021-10-14,2021,181,2021 out
"1882","RD033",2021-11-10,2021,1411,2021 nov
"1883","RD033",2021-12-08,2021,249,2021 dez
"1884","RD035",2021-07-16,2021,8.48,2021 jul
"1885","RD035",2021-08-11,2021,30.9,2021 ago
"1886","RD035",2021-09-14,2021,12.8,2021 set
"1887","RD035",2021-10-08,2021,48.3,2021 out
"1888","RD035",2021-11-10,2021,1836,2021 nov
"1889","RD035",2021-12-08,2021,260,2021 dez
"1890","RD044",2021-07-22,2021,6.9,2021 jul
"1891","RD044",2021-08-12,2021,6.6,2021 ago
"1892","RD044",2021-09-15,2021,7.83,2021 set
"1893","RD044",2021-10-14,2021,50.9,2021 out
"1894","RD044",2021-11-11,2021,127,2021 nov
"1895","RD044",2021-12-09,2021,191,2021 dez
"1896","RD045",2021-07-22,2021,7.38,2021 jul
"1897","RD045",2021-08-12,2021,4.44,2021 ago
"1898","RD045",2021-09-15,2021,4.54,2021 set
"1899","RD045",2021-10-14,2021,104,2021 out
"1900","RD045",2021-11-11,2021,214,2021 nov
"1901","RD045",2021-12-09,2021,192,2021 dez
"1902","RD053",2021-07-27,2021,3.69,2021 jul
"1903","RD053",2021-08-12,2021,3.53,2021 ago
"1904","RD053",2021-09-15,2021,3.92,2021 set
"1905","RD053",2021-10-18,2021,90.3,2021 out
"1906","RD053",2021-11-11,2021,1064,2021 nov
"1907","RD053",2021-12-09,2021,191,2021 dez
"1908","RD058",2021-07-27,2021,4.9,2021 jul
"1909","RD058",2021-08-12,2021,3.93,2021 ago
"1910","RD058",2021-09-15,2021,4.77,2021 set
"1911","RD058",2021-10-18,2021,69.2,2021 out
"1912","RD058",2021-11-11,2021,140,2021 nov
"1913","RD058",2021-12-09,2021,408,2021 dez
"1914","RD059",2021-07-26,2021,3.91,2021 jul
"1915","RD059",2021-08-12,2021,4.49,2021 ago
"1916","RD059",2021-09-15,2021,5.11,2021 set
"1917","RD059",2021-10-18,2021,45.1,2021 out
"1918","RD059",2021-11-11,2021,124,2021 nov
"1919","RD059",2021-12-09,2021,368,2021 dez
"1920","RD067",2021-07-26,2021,2.66,2021 jul
"1921","RD067",2021-08-12,2021,2.22,2021 ago
"1922","RD067",2021-09-15,2021,6.71,2021 set
"1923","RD067",2021-10-18,2021,15.5,2021 out
"1924","RD067",2021-11-11,2021,132,2021 nov
"1925","RD067",2021-12-09,2021,274,2021 dez
"1926","RD071",2021-07-13,2021,3.83,2021 jul
"1927","RD071",2021-08-10,2021,7.87,2021 ago
"1928","RD071",2021-09-13,2021,5.38,2021 set
"1929","RD071",2021-10-05,2021,40.8,2021 out
"1930","RD071",2021-11-09,2021,43.1,2021 nov
"1931","RD071",2021-12-07,2021,84.1,2021 dez
"1932","RD072",2021-07-14,2021,3.76,2021 jul
"1933","RD072",2021-08-10,2021,5.66,2021 ago
"1934","RD072",2021-09-13,2021,6.71,2021 set
"1935","RD072",2021-10-06,2021,87.8,2021 out
"1936","RD072",2021-11-09,2021,355,2021 nov
"1937","RD072",2021-12-07,2021,241,2021 dez
"1938","RD083",2021-07-22,2021,13.5,2021 jul
"1939","RD083",2021-08-11,2021,7.84,2021 ago
"1940","RD083",2021-09-14,2021,9.72,2021 set
"1941","RD083",2021-10-14,2021,63.5,2021 out
"1942","RD083",2021-11-10,2021,78.4,2021 nov
"1943","RD083",2021-12-08,2021,130,2021 dez
"1944","RD011",2022-01-18,2022,255,2022 jan
"1945","RD011",2022-02-08,2022,375,2022 fev
"1946","RD011",2022-03-08,2022,34.8,2022 mar
"1947","RD011",2022-04-05,2022,24.5,2022 abr
"1948","RD011",2022-05-09,2022,27.2,2022 mai
"1949","RD011",2022-06-06,2022,11,2022 jun
"1950","RD019",2022-01-20,2022,249,2022 jan
"1951","RD019",2022-02-08,2022,1248,2022 fev
"1952","RD019",2022-03-08,2022,98.6,2022 mar
"1953","RD019",2022-04-07,2022,85.5,2022 abr
"1954","RD019",2022-05-10,2022,59.9,2022 mai
"1955","RD019",2022-06-07,2022,27.9,2022 jun
"1956","RD023",2022-01-17,2022,273,2022 jan
"1957","RD023",2022-02-09,2022,870,2022 fev
"1958","RD023",2022-03-08,2022,126,2022 mar
"1959","RD023",2022-04-11,2022,66.4,2022 abr
"1960","RD023",2022-05-10,2022,64,2022 mai
"1961","RD023",2022-06-07,2022,36.3,2022 jun
"1962","RD033",2022-01-20,2022,209,2022 jan
"1963","RD033",2022-02-09,2022,451,2022 fev
"1964","RD033",2022-03-09,2022,114,2022 mar
"1965","RD033",2022-04-14,2022,71.9,2022 abr
"1966","RD033",2022-05-10,2022,72,2022 mai
"1967","RD033",2022-06-07,2022,30.6,2022 jun
"1968","RD035",2022-01-21,2022,201,2022 jan
"1969","RD035",2022-02-08,2022,814,2022 fev
"1970","RD035",2022-03-09,2022,97.9,2022 mar
"1971","RD035",2022-04-08,2022,125,2022 abr
"1972","RD035",2022-05-10,2022,67.1,2022 mai
"1973","RD035",2022-06-07,2022,37.6,2022 jun
"1974","RD044",2022-01-20,2022,204,2022 jan
"1975","RD044",2022-02-09,2022,710,2022 fev
"1976","RD044",2022-03-09,2022,73.4,2022 mar
"1977","RD044",2022-04-14,2022,36.5,2022 abr
"1978","RD044",2022-05-11,2022,36.2,2022 mai
"1979","RD044",2022-06-07,2022,14.6,2022 jun
"1980","RD045",2022-01-20,2022,186,2022 jan
"1981","RD045",2022-02-09,2022,771,2022 fev
"1982","RD045",2022-03-09,2022,86.6,2022 mar
"1983","RD045",2022-04-14,2022,51.8,2022 abr
"1984","RD045",2022-05-11,2022,38,2022 mai
"1985","RD045",2022-06-07,2022,14.5,2022 jun
"1986","RD053",2022-01-24,2022,124,2022 jan
"1987","RD053",2022-02-10,2022,339,2022 fev
"1988","RD053",2022-03-10,2022,73.6,2022 mar
"1989","RD053",2022-04-18,2022,57.9,2022 abr
"1990","RD053",2022-05-11,2022,38.3,2022 mai
"1991","RD053",2022-06-08,2022,16.8,2022 jun
"1992","RD058",2022-01-24,2022,152,2022 jan
"1993","RD058",2022-02-10,2022,1251,2022 fev
"1994","RD058",2022-03-10,2022,71.3,2022 mar
"1995","RD058",2022-04-18,2022,73.8,2022 abr
"1996","RD058",2022-05-11,2022,39.1,2022 mai
"1997","RD058",2022-06-08,2022,13.9,2022 jun
"1998","RD059",2022-01-24,2022,113,2022 jan
"1999","RD059",2022-02-10,2022,1375,2022 fev
"2000","RD059",2022-03-10,2022,64.3,2022 mar
"2001","RD059",2022-04-18,2022,70,2022 abr
"2002","RD059",2022-05-11,2022,33.3,2022 mai
"2003","RD059",2022-06-08,2022,16.2,2022 jun
"2004","RD067",2022-01-24,2022,83,2022 jan
"2005","RD067",2022-02-10,2022,465,2022 fev
"2006","RD067",2022-03-10,2022,48.2,2022 mar
"2007","RD067",2022-04-18,2022,87.5,2022 abr
"2008","RD067",2022-05-11,2022,17.8,2022 mai
"2009","RD067",2022-06-08,2022,9.19,2022 jun
"2010","RD071",2022-01-18,2022,141,2022 jan
"2011","RD071",2022-02-08,2022,321,2022 fev
"2012","RD071",2022-03-08,2022,56.8,2022 mar
"2013","RD071",2022-04-05,2022,29.9,2022 abr
"2014","RD071",2022-05-09,2022,27.8,2022 mai
"2015","RD071",2022-06-06,2022,9.05,2022 jun
"2016","RD072",2022-01-19,2022,153,2022 jan
"2017","RD072",2022-02-08,2022,743,2022 fev
"2018","RD072",2022-03-08,2022,66.3,2022 mar
"2019","RD072",2022-04-06,2022,122,2022 abr
"2020","RD072",2022-05-09,2022,48.3,2022 mai
"2021","RD072",2022-06-06,2022,9.98,2022 jun
"2022","RD083",2022-01-20,2022,132,2022 jan
"2023","RD083",2022-02-09,2022,385,2022 fev
"2024","RD083",2022-03-10,2022,202,2022 mar
"2025","RD083",2022-04-14,2022,44.7,2022 abr
"2026","RD083",2022-05-11,2022,48.5,2022 mai
"2027","RD083",2022-06-07,2022,29,2022 jun
