"","Estacao","Data","value"
"1","RD011",2016 set,454
"2","RD011",2016 out,252
"3","RD011",2016 nov,169
"4","RD011",2016 dez,4105
"5","RD011",2017 jan,874
"6","RD011",2017 fev,123
"7","RD011",2017 jul,40.9
"8","RD011",2017 ago,49.3
"9","RD011",2017 set,12.2
"10","RD011",2017 out,34.8
"11","RD011",2017 nov,960
"12","RD011",2017 dez,1462
"13","RD011",2018 jan,229
"14","RD011",2018 fev,732
"15","RD011",2018 mar,250
"16","RD011",2018 abr,122
"17","RD011",2018 mai,17
"18","RD011",2018 jun,11.7
"19","RD011",2018 jul,9.12
"20","RD011",2018 ago,28.1
"21","RD011",2018 set,5.97
"22","RD011",2018 out,7.2
"23","RD011",2018 nov,84.4
"24","RD011",2018 dez,51.7
"25","RD011",2019 jan,19.4
"26","RD011",2019 fev,34.1
"27","RD011",2019 mar,117
"28","RD011",2019 abr,118
"29","RD011",2019 mai,79.4
"30","RD011",2019 jun,12.1
"31","RD011",2019 jul,6.84
"32","RD011",2019 ago,4.1
"33","RD011",2019 set,4.41
"34","RD011",2019 out,5.17
"35","RD011",2019 nov,37.3
"36","RD011",2019 dez,114
"37","RD011",2020 jan,127
"38","RD011",2020 fev,307
"39","RD011",2020 mar,885
"40","RD011",2020 mai,16.6
"41","RD011",2020 jun,10.1
"42","RD011",2020 jul,10.7
"43","RD011",2020 ago,7.52
"44","RD011",2020 set,4.69
"45","RD011",2020 out,3.57
"46","RD011",2020 nov,29.7
"47","RD011",2020 dez,257
"48","RD011",2021 jan,255
"49","RD011",2021 fev,1036
"50","RD011",2021 mar,93.1
"51","RD011",2021 abr,22.7
"52","RD011",2021 mai,4.72
"53","RD011",2021 jun,18.3
"54","RD011",2021 jul,7.61
"55","RD011",2021 ago,7.8
"56","RD011",2021 set,6.55
"57","RD011",2021 out,73.1
"58","RD011",2021 nov,53.7
"59","RD011",2021 dez,128
"60","RD011",2022 jan,255
"61","RD011",2022 fev,375
"62","RD011",2022 mar,34.8
"63","RD011",2022 abr,24.5
"64","RD011",2022 mai,27.2
"65","RD011",2022 jun,11
"66","RD019",1997 set,15
"67","RD019",1997 nov,60
"68","RD019",1998 mar,50
"69","RD019",1998 ago,5.35
"70","RD019",1998 nov,221
"71","RD019",1999 mar,51.2
"72","RD019",1999 mai,11.6
"73","RD019",1999 ago,11.6
"74","RD019",1999 nov,223
"75","RD019",2000 fev,133
"76","RD019",2000 mai,27.2
"77","RD019",2000 ago,14.3
"78","RD019",2000 out,27
"79","RD019",2001 fev,83.3
"80","RD019",2001 mai,17.3
"81","RD019",2001 ago,5.78
"82","RD019",2001 out,84.6
"83","RD019",2002 fev,294
"84","RD019",2002 abr,42.8
"85","RD019",2002 jul,25.1
"86","RD019",2002 out,19.6
"87","RD019",2003 fev,75.2
"88","RD019",2003 abr,17.2
"89","RD019",2003 jul,7.92
"90","RD019",2003 out,14.7
"91","RD019",2004 jan,171
"92","RD019",2004 abr,200
"93","RD019",2004 jul,25.8
"94","RD019",2004 out,22.4
"95","RD019",2005 jan,209
"96","RD019",2005 abr,34.6
"97","RD019",2005 jul,8.69
"98","RD019",2005 out,31.7
"99","RD019",2006 jan,31.1
"100","RD019",2006 abr,30.4
"101","RD019",2006 jul,10
"102","RD019",2006 out,12.2
"103","RD019",2007 jan,69.7
"104","RD019",2007 abr,31.8
"105","RD019",2007 jul,8.06
"106","RD019",2007 out,12.8
"107","RD019",2008 jan,91
"108","RD019",2008 abr,78.4
"109","RD019",2008 jul,61.7
"110","RD019",2008 out,21
"111","RD019",2009 jan,83
"112","RD019",2009 abr,286
"113","RD019",2009 jul,18
"114","RD019",2009 out,48
"115","RD019",2010 jan,40.7
"116","RD019",2010 abr,57.9
"117","RD019",2010 jul,4.48
"118","RD019",2010 out,12
"119","RD019",2011 jan,233
"120","RD019",2011 abr,94.9
"121","RD019",2011 jul,8.16
"122","RD019",2011 out,9.82
"123","RD019",2012 jan,81.6
"124","RD019",2012 abr,90.4
"125","RD019",2012 jul,22.9
"126","RD019",2012 out,10.9
"127","RD019",2013 jan,26.8
"128","RD019",2013 abr,318
"129","RD019",2013 jun,15.2
"130","RD019",2013 jul,8.89
"131","RD019",2013 ago,16.2
"132","RD019",2013 set,6.88
"133","RD019",2013 out,13
"134","RD019",2013 nov,9.3
"135","RD019",2013 dez,181
"136","RD019",2014 jan,23.4
"137","RD019",2014 fev,5.08
"138","RD019",2014 mar,15
"139","RD019",2014 abr,7.11
"140","RD019",2014 mai,3.09
"141","RD019",2014 jun,5.33
"142","RD019",2014 jul,3.54
"143","RD019",2014 ago,2.99
"144","RD019",2014 set,2.97
"145","RD019",2014 out,2.71
"146","RD019",2014 nov,5.9
"147","RD019",2014 dez,63.7
"148","RD019",2015 jan,30.5
"149","RD019",2015 fev,24.4
"150","RD019",2015 mar,43.7
"151","RD019",2015 abr,32.4
"152","RD019",2015 mai,5.36
"153","RD019",2015 jun,3.14
"154","RD019",2015 jul,4.97
"155","RD019",2015 ago,2.72
"156","RD019",2015 set,14.5
"157","RD019",2015 out,2.71
"158","RD019",2015 dez,4132
"159","RD019",2016 jan,1125
"160","RD019",2016 mar,1117
"161","RD019",2016 abr,252
"162","RD019",2016 mai,626
"163","RD019",2016 jun,376
"164","RD019",2016 jul,199
"165","RD019",2016 ago,174
"166","RD019",2016 set,222
"167","RD019",2016 out,503
"168","RD019",2016 nov,175
"169","RD019",2016 dez,402
"170","RD019",2017 jan,99
"171","RD019",2017 fev,64.9
"172","RD019",2017 jul,44.6
"173","RD019",2017 ago,31
"174","RD019",2017 set,226
"175","RD019",2017 out,25.2
"176","RD019",2017 nov,95.2
"177","RD019",2017 dez,1114
"178","RD019",2018 jan,154
"179","RD019",2018 fev,663
"180","RD019",2018 mar,197
"181","RD019",2018 abr,184
"182","RD019",2018 mai,22.7
"183","RD019",2018 jun,11.2
"184","RD019",2018 jul,10.8
"185","RD019",2018 ago,94.2
"186","RD019",2018 set,9.47
"187","RD019",2018 out,12.3
"188","RD019",2018 nov,63.4
"189","RD019",2018 dez,224
"190","RD019",2019 jan,27.1
"191","RD019",2019 fev,37.4
"192","RD019",2019 mar,167
"193","RD019",2019 abr,37.7
"194","RD019",2019 mai,19.4
"195","RD019",2019 jun,12.5
"196","RD019",2019 jul,6.7
"197","RD019",2019 ago,7.03
"198","RD019",2019 set,9.03
"199","RD019",2019 out,6.73
"200","RD019",2019 nov,18.4
"201","RD019",2019 dez,147
"202","RD019",2020 jan,109
"203","RD019",2020 fev,285
"204","RD019",2020 mar,652
"205","RD019",2020 mai,30.9
"206","RD019",2020 jun,26.7
"207","RD019",2020 jul,17.3
"208","RD019",2020 ago,11.9
"209","RD019",2020 set,10.2
"210","RD019",2020 out,7.69
"211","RD019",2020 nov,30.1
"212","RD019",2020 dez,202
"213","RD019",2021 jan,219
"214","RD019",2021 fev,322
"215","RD019",2021 mar,115
"216","RD019",2021 abr,43.4
"217","RD019",2021 mai,16.6
"218","RD019",2021 jun,5.87
"219","RD019",2021 jul,7.33
"220","RD019",2021 ago,8.34
"221","RD019",2021 set,6.24
"222","RD019",2021 out,63.2
"223","RD019",2021 nov,635
"224","RD019",2021 dez,616
"225","RD019",2022 jan,249
"226","RD019",2022 fev,1248
"227","RD019",2022 mar,98.6
"228","RD019",2022 abr,85.5
"229","RD019",2022 mai,59.9
"230","RD019",2022 jun,27.9
"231","RD023",1997 set,20
"232","RD023",1997 nov,20
"233","RD023",1998 mar,180
"234","RD023",1998 ago,19.7
"235","RD023",1998 nov,107
"236","RD023",1999 mar,108
"237","RD023",1999 mai,15.2
"238","RD023",1999 ago,12.7
"239","RD023",1999 nov,155
"240","RD023",2000 fev,133
"241","RD023",2000 mai,37.3
"242","RD023",2000 ago,18.2
"243","RD023",2000 out,29.9
"244","RD023",2001 fev,62.2
"245","RD023",2001 mai,29
"246","RD023",2001 ago,8.08
"247","RD023",2001 out,96.1
"248","RD023",2002 fev,244
"249","RD023",2002 abr,44.7
"250","RD023",2002 ago,21.8
"251","RD023",2002 out,28.7
"252","RD023",2003 fev,84.6
"253","RD023",2003 mai,23.5
"254","RD023",2003 jul,20.2
"255","RD023",2003 out,15.3
"256","RD023",2004 jan,142
"257","RD023",2004 abr,101
"258","RD023",2004 jul,42.8
"259","RD023",2004 out,28.7
"260","RD023",2005 jan,310
"261","RD023",2005 abr,53.4
"262","RD023",2005 jul,19
"263","RD023",2005 out,16
"264","RD023",2006 jan,42.2
"265","RD023",2006 abr,16.2
"266","RD023",2006 jul,12.3
"267","RD023",2006 out,10.7
"268","RD023",2007 jan,178
"269","RD023",2007 abr,43.6
"270","RD023",2007 jul,19.6
"271","RD023",2007 out,14.7
"272","RD023",2008 jan,79.6
"273","RD023",2008 abr,62.4
"274","RD023",2008 jul,15.4
"275","RD023",2008 out,31
"276","RD023",2009 jan,69.9
"277","RD023",2009 abr,280
"278","RD023",2009 jul,25.5
"279","RD023",2009 out,45.3
"280","RD023",2010 jan,59
"281","RD023",2010 abr,49.7
"282","RD023",2010 jul,15
"283","RD023",2010 out,19
"284","RD023",2011 jan,157
"285","RD023",2011 abr,175
"286","RD023",2011 jul,21.2
"287","RD023",2011 out,6.95
"288","RD023",2012 jan,63.9
"289","RD023",2012 abr,69.7
"290","RD023",2012 jul,18.9
"291","RD023",2012 out,9.43
"292","RD023",2013 jan,94.3
"293","RD023",2013 abr,280
"294","RD023",2013 jun,23.4
"295","RD023",2013 jul,5.52
"296","RD023",2013 ago,8.44
"297","RD023",2013 set,9.98
"298","RD023",2013 out,8.1
"299","RD023",2013 nov,15.7
"300","RD023",2013 dez,78.9
"301","RD023",2014 jan,26.8
"302","RD023",2014 fev,7.66
"303","RD023",2014 mar,25.2
"304","RD023",2014 abr,13.1
"305","RD023",2014 mai,3.88
"306","RD023",2014 jun,4.04
"307","RD023",2014 jul,4.07
"308","RD023",2014 ago,2.56
"309","RD023",2014 set,2.5
"310","RD023",2014 out,7.7
"311","RD023",2014 nov,25.7
"312","RD023",2014 dez,73.5
"313","RD023",2015 jan,18.9
"314","RD023",2015 fev,25.7
"315","RD023",2015 mar,54.5
"316","RD023",2015 abr,23.1
"317","RD023",2015 mai,6.98
"318","RD023",2015 jun,5.05
"319","RD023",2015 jul,8.57
"320","RD023",2015 ago,2.24
"321","RD023",2015 set,12.2
"322","RD023",2015 out,3.32
"323","RD023",2015 dez,5444
"324","RD023",2016 jan,3198
"325","RD023",2016 mar,467
"326","RD023",2016 abr,234
"327","RD023",2016 mai,296
"328","RD023",2016 jun,162
"329","RD023",2016 jul,154
"330","RD023",2016 ago,139
"331","RD023",2016 set,256
"332","RD023",2016 out,244
"333","RD023",2016 nov,454
"334","RD023",2016 dez,1159
"335","RD023",2017 jan,231
"336","RD023",2017 fev,93.1
"337","RD023",2017 jul,77.5
"338","RD023",2017 ago,56.6
"339","RD023",2017 set,476
"340","RD023",2017 out,46.7
"341","RD023",2017 nov,69.4
"342","RD023",2017 dez,4489
"343","RD023",2018 jan,124
"344","RD023",2018 mar,250
"345","RD023",2018 abr,211
"346","RD023",2018 mai,43.3
"347","RD023",2018 jun,15.8
"348","RD023",2018 jul,13.7
"349","RD023",2018 ago,47.2
"350","RD023",2018 set,27.2
"351","RD023",2018 out,7.14
"352","RD023",2018 nov,57.4
"353","RD023",2018 dez,194
"354","RD023",2019 jan,46.7
"355","RD023",2019 fev,47.4
"356","RD023",2019 mar,127
"357","RD023",2019 abr,37.4
"358","RD023",2019 mai,25.5
"359","RD023",2019 jul,9.3
"360","RD023",2019 ago,8.07
"361","RD023",2019 set,9.3
"362","RD023",2019 out,7.94
"363","RD023",2019 nov,35.6
"364","RD023",2019 dez,204
"365","RD023",2020 jan,164
"366","RD023",2020 fev,197
"367","RD023",2020 mar,543
"368","RD023",2020 mai,24.6
"369","RD023",2020 jun,34.5
"370","RD023",2020 jul,23.2
"371","RD023",2020 ago,17.8
"372","RD023",2020 set,12.2
"373","RD023",2020 out,19.7
"374","RD023",2020 nov,54.1
"375","RD023",2020 dez,181
"376","RD023",2021 jan,104
"377","RD023",2021 fev,200
"378","RD023",2021 mar,317
"379","RD023",2021 abr,43.6
"380","RD023",2021 mai,27.5
"381","RD023",2021 jun,6.8
"382","RD023",2021 jul,11.3
"383","RD023",2021 ago,12
"384","RD023",2021 set,7.45
"385","RD023",2021 out,54.8
"386","RD023",2021 nov,1950
"387","RD023",2021 dez,326
"388","RD023",2022 jan,273
"389","RD023",2022 fev,870
"390","RD023",2022 mar,126
"391","RD023",2022 abr,66.4
"392","RD023",2022 mai,64
"393","RD023",2022 jun,36.3
"394","RD033",1997 jul,15
"395","RD033",1997 nov,30
"396","RD033",1998 mar,20
"397","RD033",1998 ago,8.2
"398","RD033",1998 nov,109
"399","RD033",1999 mar,124
"400","RD033",1999 mai,18.9
"401","RD033",1999 ago,13
"402","RD033",1999 nov,315
"403","RD033",2000 fev,128
"404","RD033",2000 mai,51.8
"405","RD033",2000 ago,20.2
"406","RD033",2000 out,16.4
"407","RD033",2001 fev,47.3
"408","RD033",2001 mai,30.2
"409","RD033",2001 ago,18
"410","RD033",2001 out,83.9
"411","RD033",2002 fev,374
"412","RD033",2002 abr,45.9
"413","RD033",2002 ago,23
"414","RD033",2002 out,141
"415","RD033",2003 fev,86.2
"416","RD033",2003 mai,22.2
"417","RD033",2003 jul,19.5
"418","RD033",2003 out,27.3
"419","RD033",2004 jan,276
"420","RD033",2004 abr,96
"421","RD033",2004 jul,41.9
"422","RD033",2004 out,43.5
"423","RD033",2005 jan,277
"424","RD033",2005 abr,71.6
"425","RD033",2005 jul,13.3
"426","RD033",2005 out,39.5
"427","RD033",2006 jan,21.9
"428","RD033",2006 abr,33.8
"429","RD033",2006 jul,16.3
"430","RD033",2006 out,12
"431","RD033",2007 jan,281
"432","RD033",2007 abr,50.4
"433","RD033",2007 jul,19.4
"434","RD033",2007 out,16.7
"435","RD033",2008 jan,77
"436","RD033",2008 abr,145
"437","RD033",2008 jul,19.4
"438","RD033",2008 out,23.5
"439","RD033",2009 jan,318
"440","RD033",2009 abr,101
"441","RD033",2009 jul,31.2
"442","RD033",2009 out,59.9
"443","RD033",2010 jan,63.5
"444","RD033",2010 abr,41.6
"445","RD033",2010 jul,13
"446","RD033",2010 out,21.6
"447","RD033",2011 jan,84.8
"448","RD033",2011 abr,53.8
"449","RD033",2011 jul,20.6
"450","RD033",2011 out,14.6
"451","RD033",2012 jan,99
"452","RD033",2012 abr,45.9
"453","RD033",2012 jul,21.1
"454","RD033",2012 out,13.1
"455","RD033",2013 jan,955
"456","RD033",2013 abr,89.9
"457","RD033",2013 jun,21.9
"458","RD033",2013 jul,12.8
"459","RD033",2013 ago,10.8
"460","RD033",2013 set,9.15
"461","RD033",2013 out,57.4
"462","RD033",2013 nov,36.9
"463","RD033",2013 dez,125
"464","RD033",2014 jan,43.1
"465","RD033",2014 fev,17.3
"466","RD033",2014 mar,39
"467","RD033",2014 abr,47.3
"468","RD033",2014 mai,4.36
"469","RD033",2014 jun,4.62
"470","RD033",2014 jul,3.38
"471","RD033",2014 ago,3.6
"472","RD033",2014 set,3.08
"473","RD033",2014 out,3.77
"474","RD033",2014 nov,83.9
"475","RD033",2014 dez,100
"476","RD033",2015 jan,8.36
"477","RD033",2015 fev,19.5
"478","RD033",2015 mar,72.3
"479","RD033",2015 abr,14.6
"480","RD033",2015 mai,6.18
"481","RD033",2015 jun,7.27
"482","RD033",2015 jul,7.61
"483","RD033",2015 ago,3.09
"484","RD033",2015 set,11.5
"485","RD033",2015 out,2.29
"486","RD033",2015 dez,7534
"487","RD033",2016 jan,3279
"488","RD033",2016 mar,450
"489","RD033",2016 abr,141
"490","RD033",2016 mai,332
"491","RD033",2016 jun,115
"492","RD033",2016 jul,97
"493","RD033",2016 ago,137
"494","RD033",2016 set,218
"495","RD033",2016 out,92.6
"496","RD033",2016 nov,196
"497","RD033",2016 dez,347
"498","RD033",2017 jan,421
"499","RD033",2017 fev,113
"500","RD033",2017 jul,52.8
"501","RD033",2017 ago,28
"502","RD033",2017 set,57.5
"503","RD033",2017 out,10.5
"504","RD033",2017 nov,54.8
"505","RD033",2017 dez,2398
"506","RD033",2018 jan,80.7
"507","RD033",2018 fev,240
"508","RD033",2018 mar,230
"509","RD033",2018 abr,95
"510","RD033",2018 mai,39.1
"511","RD033",2018 jun,20.7
"512","RD033",2018 jul,18.3
"513","RD033",2018 ago,52.3
"514","RD033",2018 set,16.3
"515","RD033",2018 out,102
"516","RD033",2018 nov,57.1
"517","RD033",2018 dez,175
"518","RD033",2019 jan,24.7
"519","RD033",2019 fev,48.7
"520","RD033",2019 mar,120
"521","RD033",2019 abr,77.4
"522","RD033",2019 mai,37.4
"523","RD033",2019 jun,14.4
"524","RD033",2019 jul,10.7
"525","RD033",2019 ago,9.16
"526","RD033",2019 set,10.7
"527","RD033",2019 out,6.07
"528","RD033",2019 nov,57.7
"529","RD033",2019 dez,287
"530","RD033",2020 jan,264
"531","RD033",2020 fev,196
"532","RD033",2020 mar,447
"533","RD033",2020 mai,54.7
"534","RD033",2020 jun,43
"535","RD033",2020 jul,22.5
"536","RD033",2020 ago,21.6
"537","RD033",2020 set,12.5
"538","RD033",2020 out,32.4
"539","RD033",2020 nov,67
"540","RD033",2020 dez,184
"541","RD033",2021 jan,51
"542","RD033",2021 fev,432
"543","RD033",2021 mar,144
"544","RD033",2021 abr,49.8
"545","RD033",2021 mai,27.4
"546","RD033",2021 jun,6.58
"547","RD033",2021 jul,13
"548","RD033",2021 ago,11.6
"549","RD033",2021 set,27.1
"550","RD033",2021 out,181
"551","RD033",2021 nov,1411
"552","RD033",2021 dez,249
"553","RD033",2022 jan,209
"554","RD033",2022 fev,451
"555","RD033",2022 mar,114
"556","RD033",2022 abr,71.9
"557","RD033",2022 mai,72
"558","RD033",2022 jun,30.6
"559","RD035",1997 ago,3
"560","RD035",1997 out,35
"561","RD035",2000 fev,141
"562","RD035",2000 mai,50.5
"563","RD035",2000 ago,21.1
"564","RD035",2000 out,21.6
"565","RD035",2001 fev,54.6
"566","RD035",2001 mai,30.8
"567","RD035",2001 ago,15.9
"568","RD035",2001 out,150
"569","RD035",2002 fev,320
"570","RD035",2002 abr,51.8
"571","RD035",2002 ago,21.2
"572","RD035",2002 out,97.2
"573","RD035",2003 fev,84.6
"574","RD035",2003 mai,25.6
"575","RD035",2003 jul,20.7
"576","RD035",2003 out,15.8
"577","RD035",2004 jan,157
"578","RD035",2004 abr,98.7
"579","RD035",2004 jul,41.4
"580","RD035",2004 out,25.6
"581","RD035",2005 jan,359
"582","RD035",2005 abr,278
"583","RD035",2005 jul,22.9
"584","RD035",2005 out,48
"585","RD035",2006 jan,35.5
"586","RD035",2006 abr,33.6
"587","RD035",2006 jul,17.5
"588","RD035",2006 out,23.7
"589","RD035",2007 jan,238
"590","RD035",2007 abr,58.1
"591","RD035",2007 jul,16.9
"592","RD035",2007 out,20
"593","RD035",2008 jan,70
"594","RD035",2008 abr,59.8
"595","RD035",2008 jul,18.5
"596","RD035",2008 out,32.3
"597","RD035",2009 jan,144
"598","RD035",2009 abr,273
"599","RD035",2009 jul,28
"600","RD035",2009 out,72.9
"601","RD035",2010 jan,52
"602","RD035",2010 abr,52.2
"603","RD035",2010 jul,17.5
"604","RD035",2010 out,26.1
"605","RD035",2011 jan,158
"606","RD035",2011 abr,147
"607","RD035",2011 jul,32.4
"608","RD035",2011 out,8.06
"609","RD035",2012 jan,73.8
"610","RD035",2012 abr,72.7
"611","RD035",2012 jul,26.9
"612","RD035",2012 out,11.9
"613","RD035",2013 jan,56.3
"614","RD035",2013 abr,382
"615","RD035",2013 jun,19.9
"616","RD035",2013 jul,15.2
"617","RD035",2013 ago,10.8
"618","RD035",2013 set,12.5
"619","RD035",2013 out,7.14
"620","RD035",2013 nov,37.6
"621","RD035",2013 dez,114
"622","RD035",2014 jan,23.2
"623","RD035",2014 fev,18.4
"624","RD035",2014 mar,48.9
"625","RD035",2014 abr,74.6
"626","RD035",2014 mai,4.98
"627","RD035",2014 jun,4.92
"628","RD035",2014 jul,3.91
"629","RD035",2014 ago,2.56
"630","RD035",2014 set,2.86
"631","RD035",2014 out,4.42
"632","RD035",2014 nov,54
"633","RD035",2014 dez,84.7
"634","RD035",2015 jan,8.11
"635","RD035",2015 fev,24.8
"636","RD035",2015 mar,48.8
"637","RD035",2015 abr,19.4
"638","RD035",2015 mai,6.26
"639","RD035",2015 jun,7.73
"640","RD035",2015 jul,7.56
"641","RD035",2015 ago,3.9
"642","RD035",2015 set,16
"643","RD035",2015 out,2.76
"644","RD035",2015 dez,7470
"645","RD035",2016 jan,2682
"646","RD035",2016 mar,438
"647","RD035",2016 abr,205
"648","RD035",2016 mai,442
"649","RD035",2016 jun,152
"650","RD035",2016 jul,184
"651","RD035",2016 ago,196
"652","RD035",2016 set,263
"653","RD035",2016 out,134
"654","RD035",2016 nov,331
"655","RD035",2016 dez,726
"656","RD035",2017 jan,68.3
"657","RD035",2017 fev,270
"658","RD035",2017 jul,52.1
"659","RD035",2017 ago,34.7
"660","RD035",2017 set,135
"661","RD035",2017 out,42.8
"662","RD035",2017 nov,56.2
"663","RD035",2017 dez,3062
"664","RD035",2018 jan,145
"665","RD035",2018 fev,337
"666","RD035",2018 mar,254
"667","RD035",2018 abr,105
"668","RD035",2018 mai,41.8
"669","RD035",2018 jun,20
"670","RD035",2018 jul,66.9
"671","RD035",2018 ago,48.4
"672","RD035",2018 set,14.7
"673","RD035",2018 out,15.6
"674","RD035",2018 nov,57.8
"675","RD035",2018 dez,163
"676","RD035",2019 jan,45.7
"677","RD035",2019 fev,55.7
"678","RD035",2019 mar,104
"679","RD035",2019 abr,37.1
"680","RD035",2019 mai,34.1
"681","RD035",2019 jun,13.1
"682","RD035",2019 jul,9.47
"683","RD035",2019 ago,6.24
"684","RD035",2019 set,13.4
"685","RD035",2019 out,12.3
"686","RD035",2019 nov,55.4
"687","RD035",2019 dez,243
"688","RD035",2020 jan,149
"689","RD035",2020 fev,193
"690","RD035",2020 mar,384
"691","RD035",2020 mai,60.3
"692","RD035",2020 jun,34.5
"693","RD035",2020 jul,22.3
"694","RD035",2020 ago,33.1
"695","RD035",2020 set,14.6
"696","RD035",2020 out,15.7
"697","RD035",2020 nov,90.7
"698","RD035",2020 dez,192
"699","RD035",2021 jan,170
"700","RD035",2021 fev,283
"701","RD035",2021 mar,192
"702","RD035",2021 abr,37.5
"703","RD035",2021 mai,30.2
"704","RD035",2021 jun,71.2
"705","RD035",2021 jul,8.48
"706","RD035",2021 ago,30.9
"707","RD035",2021 set,12.8
"708","RD035",2021 out,48.3
"709","RD035",2021 nov,1836
"710","RD035",2021 dez,260
"711","RD035",2022 jan,201
"712","RD035",2022 fev,814
"713","RD035",2022 mar,97.9
"714","RD035",2022 abr,125
"715","RD035",2022 mai,67.1
"716","RD035",2022 jun,37.6
"717","RD044",2000 fev,168
"718","RD044",2000 mai,55.5
"719","RD044",2000 ago,21
"720","RD044",2000 out,12.1
"721","RD044",2001 fev,29.8
"722","RD044",2001 mai,24.3
"723","RD044",2001 ago,11.7
"724","RD044",2001 out,97.5
"725","RD044",2002 fev,265
"726","RD044",2002 abr,42.2
"727","RD044",2002 ago,14.1
"728","RD044",2002 out,86.4
"729","RD044",2003 fev,72.8
"730","RD044",2003 mai,29.9
"731","RD044",2003 jul,11.1
"732","RD044",2003 out,794
"733","RD044",2004 jan,186
"734","RD044",2004 abr,115
"735","RD044",2004 jul,38.8
"736","RD044",2004 out,24.7
"737","RD044",2005 jan,293
"738","RD044",2005 abr,93.1
"739","RD044",2005 jul,19.8
"740","RD044",2005 out,41.6
"741","RD044",2006 jan,38.7
"742","RD044",2006 abr,28
"743","RD044",2006 jul,8.84
"744","RD044",2006 out,18.2
"745","RD044",2007 jan,261
"746","RD044",2007 abr,45.4
"747","RD044",2007 jul,12.8
"748","RD044",2007 out,9.88
"749","RD044",2008 jan,56.1
"750","RD044",2008 abr,208
"751","RD044",2008 jul,9.02
"752","RD044",2008 out,14.9
"753","RD044",2009 jan,206
"754","RD044",2009 abr,115
"755","RD044",2009 jul,12.5
"756","RD044",2009 out,28.4
"757","RD044",2010 jan,22.2
"758","RD044",2010 abr,25.2
"759","RD044",2010 jul,8.22
"760","RD044",2010 out,7.12
"761","RD044",2011 jan,44.2
"762","RD044",2011 abr,54.6
"763","RD044",2011 jul,8.94
"764","RD044",2011 out,7.92
"765","RD044",2012 jan,72.4
"766","RD044",2012 abr,48.1
"767","RD044",2012 jul,10.7
"768","RD044",2012 out,8.09
"769","RD044",2013 jan,217
"770","RD044",2013 abr,76.4
"771","RD044",2013 jun,13
"772","RD044",2013 jul,13.9
"773","RD044",2013 ago,6.68
"774","RD044",2013 set,6.02
"775","RD044",2013 out,31.2
"776","RD044",2013 nov,35.1
"777","RD044",2013 dez,40.9
"778","RD044",2014 jan,30.9
"779","RD044",2014 fev,17.8
"780","RD044",2014 mar,71.9
"781","RD044",2014 abr,36.1
"782","RD044",2014 mai,6.4
"783","RD044",2014 jun,5.9
"784","RD044",2014 jul,4.39
"785","RD044",2014 ago,3.31
"786","RD044",2014 set,3.49
"787","RD044",2014 out,3
"788","RD044",2014 nov,82
"789","RD044",2014 dez,80.4
"790","RD044",2015 jan,7.77
"791","RD044",2015 fev,18.4
"792","RD044",2015 mar,20.3
"793","RD044",2015 abr,10.1
"794","RD044",2015 mai,7.54
"795","RD044",2015 jun,4.82
"796","RD044",2015 jul,3.23
"797","RD044",2015 ago,2.56
"798","RD044",2015 set,2.69
"799","RD044",2015 out,2.28
"800","RD044",2015 dez,3277
"801","RD044",2016 jan,3640
"802","RD044",2016 mar,191
"803","RD044",2016 abr,53.5
"804","RD044",2016 mai,32
"805","RD044",2016 jun,32.8
"806","RD044",2016 jul,22.8
"807","RD044",2016 ago,19.7
"808","RD044",2016 set,63.9
"809","RD044",2016 out,29.7
"810","RD044",2016 nov,18.8
"811","RD044",2016 dez,176
"812","RD044",2017 jan,156
"813","RD044",2017 fev,81.6
"814","RD044",2017 jul,7.34
"815","RD044",2017 ago,15.4
"816","RD044",2017 set,7.02
"817","RD044",2017 out,4.6
"818","RD044",2017 nov,73.1
"819","RD044",2017 dez,3849
"820","RD044",2018 jan,35.3
"821","RD044",2018 fev,694
"822","RD044",2018 mar,235
"823","RD044",2018 abr,59.6
"824","RD044",2018 mai,13.1
"825","RD044",2018 jun,12.4
"826","RD044",2018 jul,6.9
"827","RD044",2018 ago,8.44
"828","RD044",2018 set,10.2
"829","RD044",2018 out,9.47
"830","RD044",2018 nov,39.7
"831","RD044",2018 dez,147
"832","RD044",2019 jan,15.4
"833","RD044",2019 fev,53.7
"834","RD044",2019 mar,94.1
"835","RD044",2019 abr,35.9
"836","RD044",2019 mai,14.7
"837","RD044",2019 jun,7.74
"838","RD044",2019 jul,8.34
"839","RD044",2019 ago,4.07
"840","RD044",2019 set,7.34
"841","RD044",2019 out,5.37
"842","RD044",2019 nov,9.37
"843","RD044",2019 dez,177
"844","RD044",2020 jan,154
"845","RD044",2020 fev,117
"846","RD044",2020 mar,461
"847","RD044",2020 mai,61.6
"848","RD044",2020 jun,30.6
"849","RD044",2020 jul,8.38
"850","RD044",2020 ago,7.21
"851","RD044",2020 set,8.15
"852","RD044",2020 out,27.2
"853","RD044",2020 nov,56.9
"854","RD044",2020 dez,110
"855","RD044",2021 jan,34.7
"856","RD044",2021 fev,324
"857","RD044",2021 mar,84.8
"858","RD044",2021 abr,22.7
"859","RD044",2021 mai,8.9
"860","RD044",2021 jun,7.05
"861","RD044",2021 jul,6.9
"862","RD044",2021 ago,6.6
"863","RD044",2021 set,7.83
"864","RD044",2021 out,50.9
"865","RD044",2021 nov,127
"866","RD044",2021 dez,191
"867","RD044",2022 jan,204
"868","RD044",2022 fev,710
"869","RD044",2022 mar,73.4
"870","RD044",2022 abr,36.5
"871","RD044",2022 mai,36.2
"872","RD044",2022 jun,14.6
"873","RD045",1997 jul,15
"874","RD045",1997 nov,30
"875","RD045",1998 mar,25
"876","RD045",1998 ago,5.05
"877","RD045",1998 nov,133
"878","RD045",1999 mar,61.1
"879","RD045",1999 mai,15.3
"880","RD045",1999 ago,9.67
"881","RD045",1999 nov,444
"882","RD045",2000 fev,143
"883","RD045",2000 mai,42.2
"884","RD045",2000 ago,12.3
"885","RD045",2000 out,7.77
"886","RD045",2001 fev,30.9
"887","RD045",2001 mai,15.3
"888","RD045",2001 ago,9.11
"889","RD045",2001 out,48.9
"890","RD045",2002 fev,243
"891","RD045",2002 abr,41.2
"892","RD045",2002 ago,14.8
"893","RD045",2002 out,25.1
"894","RD045",2003 fev,110
"895","RD045",2003 mai,49
"896","RD045",2003 jul,17.9
"897","RD045",2003 out,149
"898","RD045",2004 jan,797
"899","RD045",2004 mai,77.8
"900","RD045",2004 jul,59
"901","RD045",2004 out,18.7
"902","RD045",2005 jan,166
"903","RD045",2005 abr,77.5
"904","RD045",2005 jul,15.6
"905","RD045",2005 out,34.1
"906","RD045",2006 jan,43.3
"907","RD045",2006 abr,36.4
"908","RD045",2006 jul,12
"909","RD045",2006 out,35.8
"910","RD045",2007 jan,594
"911","RD045",2007 abr,43.4
"912","RD045",2007 jul,14.2
"913","RD045",2007 out,7.78
"914","RD045",2008 jan,73.3
"915","RD045",2008 abr,234
"916","RD045",2008 jul,13.8
"917","RD045",2008 out,15.3
"918","RD045",2009 jan,319
"919","RD045",2009 abr,135
"920","RD045",2009 jul,15.7
"921","RD045",2009 out,33.6
"922","RD045",2010 jan,21.5
"923","RD045",2010 abr,28.6
"924","RD045",2010 jul,6.27
"925","RD045",2010 out,11.6
"926","RD045",2011 jan,52.1
"927","RD045",2011 abr,58.1
"928","RD045",2011 jul,11.1
"929","RD045",2011 out,7.14
"930","RD045",2012 jan,21.4
"931","RD045",2012 abr,43.2
"932","RD045",2012 jul,13.7
"933","RD045",2012 out,7.08
"934","RD045",2013 jan,233
"935","RD045",2013 abr,78
"936","RD045",2013 jun,15.3
"937","RD045",2013 jul,9.61
"938","RD045",2013 ago,6.49
"939","RD045",2013 set,8.11
"940","RD045",2013 out,37.2
"941","RD045",2013 nov,33.1
"942","RD045",2013 dez,46.9
"943","RD045",2014 jan,38.7
"944","RD045",2014 fev,20.6
"945","RD045",2014 mar,71.1
"946","RD045",2014 abr,54.4
"947","RD045",2014 mai,7.2
"948","RD045",2014 jun,6.3
"949","RD045",2014 jul,4.11
"950","RD045",2014 ago,3.73
"951","RD045",2014 set,3.16
"952","RD045",2014 out,0.5
"953","RD045",2014 nov,90.7
"954","RD045",2014 dez,75.3
"955","RD045",2015 jan,9.59
"956","RD045",2015 fev,15.6
"957","RD045",2015 mar,16.8
"958","RD045",2015 abr,16.8
"959","RD045",2015 mai,8.15
"960","RD045",2015 jun,4.78
"961","RD045",2015 jul,3.84
"962","RD045",2015 ago,2.57
"963","RD045",2015 set,3.72
"964","RD045",2015 out,2.77
"965","RD045",2015 dez,4236
"966","RD045",2016 jan,4672
"967","RD045",2016 mar,232
"968","RD045",2016 abr,41.5
"969","RD045",2016 mai,29.9
"970","RD045",2016 jun,27.4
"971","RD045",2016 jul,14.8
"972","RD045",2016 ago,11.1
"973","RD045",2016 set,51.9
"974","RD045",2016 out,28.4
"975","RD045",2016 nov,20.2
"976","RD045",2016 dez,208
"977","RD045",2017 jan,222
"978","RD045",2017 fev,39.9
"979","RD045",2017 jul,4.62
"980","RD045",2017 ago,9.05
"981","RD045",2017 set,6.16
"982","RD045",2017 out,6.94
"983","RD045",2017 nov,79.9
"984","RD045",2017 dez,1449
"985","RD045",2018 jan,41.6
"986","RD045",2018 fev,674
"987","RD045",2018 mar,230
"988","RD045",2018 abr,73.4
"989","RD045",2018 mai,13.2
"990","RD045",2018 jun,10.7
"991","RD045",2018 jul,4.7
"992","RD045",2018 ago,9.57
"993","RD045",2018 set,19.3
"994","RD045",2018 out,11.5
"995","RD045",2018 nov,31.7
"996","RD045",2018 dez,164
"997","RD045",2019 jan,14.3
"998","RD045",2019 fev,44.4
"999","RD045",2019 mar,104
"1000","RD045",2019 abr,34.7
"1001","RD045",2019 mai,13.7
"1002","RD045",2019 jun,7.07
"1003","RD045",2019 jul,5.21
"1004","RD045",2019 ago,3.03
"1005","RD045",2019 set,6.94
"1006","RD045",2019 out,5.17
"1007","RD045",2019 nov,10.4
"1008","RD045",2019 dez,204
"1009","RD045",2020 jan,173
"1010","RD045",2020 fev,120
"1011","RD045",2020 mar,463
"1012","RD045",2020 mai,33.4
"1013","RD045",2020 jun,28.3
"1014","RD045",2020 jul,9.66
"1015","RD045",2020 ago,7.37
"1016","RD045",2020 set,5.48
"1017","RD045",2020 out,22.4
"1018","RD045",2020 nov,46.9
"1019","RD045",2020 dez,126
"1020","RD045",2021 jan,36.5
"1021","RD045",2021 fev,251
"1022","RD045",2021 mar,87.1
"1023","RD045",2021 abr,23.1
"1024","RD045",2021 mai,12.6
"1025","RD045",2021 jun,7.4
"1026","RD045",2021 jul,7.38
"1027","RD045",2021 ago,4.44
"1028","RD045",2021 set,4.54
"1029","RD045",2021 out,104
"1030","RD045",2021 nov,214
"1031","RD045",2021 dez,192
"1032","RD045",2022 jan,186
"1033","RD045",2022 fev,771
"1034","RD045",2022 mar,86.6
"1035","RD045",2022 abr,51.8
"1036","RD045",2022 mai,38
"1037","RD045",2022 jun,14.5
"1038","RD053",1997 set,9
"1039","RD053",1997 nov,20
"1040","RD053",1998 ago,6.46
"1041","RD053",1998 nov,127
"1042","RD053",1999 mar,55.6
"1043","RD053",1999 mai,14.7
"1044","RD053",1999 ago,4.58
"1045","RD053",1999 nov,496
"1046","RD053",2000 fev,231
"1047","RD053",2000 mai,46
"1048","RD053",2000 ago,6.44
"1049","RD053",2000 out,7.64
"1050","RD053",2001 fev,27.9
"1051","RD053",2001 mai,15.6
"1052","RD053",2001 ago,12.3
"1053","RD053",2001 out,64.6
"1054","RD053",2002 fev,247
"1055","RD053",2002 abr,38.4
"1056","RD053",2002 ago,16.9
"1057","RD053",2002 out,23.9
"1058","RD053",2003 fev,115
"1059","RD053",2003 mai,21.3
"1060","RD053",2003 jul,12.7
"1061","RD053",2003 out,161
"1062","RD053",2004 jan,560
"1063","RD053",2004 mai,91
"1064","RD053",2004 jul,60
"1065","RD053",2004 out,15.4
"1066","RD053",2005 jan,222
"1067","RD053",2005 abr,78.5
"1068","RD053",2005 jul,22.4
"1069","RD053",2005 out,29.9
"1070","RD053",2006 jan,77.7
"1071","RD053",2006 abr,84.2
"1072","RD053",2006 jul,19.3
"1073","RD053",2006 out,19.8
"1074","RD053",2007 jan,480
"1075","RD053",2007 abr,51.3
"1076","RD053",2007 jul,13.2
"1077","RD053",2007 out,9.73
"1078","RD053",2008 jan,84
"1079","RD053",2008 abr,280
"1080","RD053",2008 jul,11.5
"1081","RD053",2008 out,12.1
"1082","RD053",2009 jan,398
"1083","RD053",2009 abr,150
"1084","RD053",2009 jul,22.8
"1085","RD053",2009 out,24.7
"1086","RD053",2010 fev,21.5
"1087","RD053",2010 abr,23.9
"1088","RD053",2010 jul,10.3
"1089","RD053",2010 out,9.01
"1090","RD053",2011 jan,50.1
"1091","RD053",2011 abr,51.7
"1092","RD053",2011 jul,11.2
"1093","RD053",2011 out,20.8
"1094","RD053",2012 jan,41.6
"1095","RD053",2012 abr,35.2
"1096","RD053",2012 jul,7.94
"1097","RD053",2012 out,22.8
"1098","RD053",2013 jan,70.1
"1099","RD053",2013 abr,50.8
"1100","RD053",2013 jun,15.5
"1101","RD053",2013 jul,6.19
"1102","RD053",2013 ago,7.31
"1103","RD053",2013 set,6.66
"1104","RD053",2013 out,20.3
"1105","RD053",2013 nov,36.6
"1106","RD053",2013 dez,43.1
"1107","RD053",2014 jan,39.6
"1108","RD053",2014 fev,21.7
"1109","RD053",2014 mar,82.2
"1110","RD053",2014 abr,24.8
"1111","RD053",2014 mai,5.84
"1112","RD053",2014 jun,6.18
"1113","RD053",2014 jul,4.44
"1114","RD053",2014 ago,2.68
"1115","RD053",2014 set,2.37
"1116","RD053",2014 out,2.48
"1117","RD053",2014 nov,97.4
"1118","RD053",2014 dez,58.3
"1119","RD053",2015 jan,6.65
"1120","RD053",2015 fev,13.6
"1121","RD053",2015 mar,19.1
"1122","RD053",2015 abr,9.79
"1123","RD053",2015 mai,21.3
"1124","RD053",2015 jun,4.01
"1125","RD053",2015 jul,3.9
"1126","RD053",2015 ago,4.16
"1127","RD053",2015 set,3.63
"1128","RD053",2015 out,1.83
"1129","RD053",2016 jan,4200
"1130","RD053",2016 mar,202
"1131","RD053",2016 abr,48.8
"1132","RD053",2016 mai,24.6
"1133","RD053",2016 jun,19.8
"1134","RD053",2016 jul,10.5
"1135","RD053",2016 ago,8.04
"1136","RD053",2016 set,43.7
"1137","RD053",2016 out,19.7
"1138","RD053",2016 nov,5.73
"1139","RD053",2016 dez,380
"1140","RD053",2017 jan,85.3
"1141","RD053",2017 fev,42.8
"1142","RD053",2017 jul,4
"1143","RD053",2017 ago,5.36
"1144","RD053",2017 set,4.78
"1145","RD053",2017 out,7.92
"1146","RD053",2017 nov,141
"1147","RD053",2017 dez,2401
"1148","RD053",2018 jan,27.5
"1149","RD053",2018 fev,364
"1150","RD053",2018 mar,190
"1151","RD053",2018 abr,56
"1152","RD053",2018 mai,19.3
"1153","RD053",2018 jun,9.87
"1154","RD053",2018 jul,4.7
"1155","RD053",2018 ago,7.94
"1156","RD053",2018 set,4.87
"1157","RD053",2018 out,21.1
"1158","RD053",2018 nov,38.1
"1159","RD053",2018 dez,130
"1160","RD053",2019 jan,12.1
"1161","RD053",2019 fev,164
"1162","RD053",2019 mar,117
"1163","RD053",2019 abr,40.7
"1164","RD053",2019 mai,12.1
"1165","RD053",2019 jun,6.17
"1166","RD053",2019 jul,3.87
"1167","RD053",2019 ago,2.14
"1168","RD053",2019 set,5.7
"1169","RD053",2019 out,2.83
"1170","RD053",2019 nov,23.4
"1171","RD053",2019 dez,213
"1172","RD053",2020 jan,925
"1173","RD053",2020 fev,143
"1174","RD053",2020 mar,329
"1175","RD053",2020 mai,37.4
"1176","RD053",2020 jun,33.1
"1177","RD053",2020 jul,12.3
"1178","RD053",2020 ago,7.42
"1179","RD053",2020 set,5.71
"1180","RD053",2020 out,19.3
"1181","RD053",2020 nov,47
"1182","RD053",2020 dez,158
"1183","RD053",2021 jan,30.3
"1184","RD053",2021 fev,172
"1185","RD053",2021 mar,129
"1186","RD053",2021 abr,23.7
"1187","RD053",2021 mai,13.4
"1188","RD053",2021 jun,7.08
"1189","RD053",2021 jul,3.69
"1190","RD053",2021 ago,3.53
"1191","RD053",2021 set,3.92
"1192","RD053",2021 out,90.3
"1193","RD053",2021 nov,1064
"1194","RD053",2021 dez,191
"1195","RD053",2022 jan,124
"1196","RD053",2022 fev,339
"1197","RD053",2022 mar,73.6
"1198","RD053",2022 abr,57.9
"1199","RD053",2022 mai,38.3
"1200","RD053",2022 jun,16.8
"1201","RD058",2000 fev,242
"1202","RD058",2000 mai,56.7
"1203","RD058",2000 ago,10.7
"1204","RD058",2000 out,7.68
"1205","RD058",2001 fev,27.4
"1206","RD058",2001 mai,12.9
"1207","RD058",2001 ago,13.5
"1208","RD058",2001 out,60.1
"1209","RD058",2002 fev,281
"1210","RD058",2002 abr,45.7
"1211","RD058",2002 ago,17.1
"1212","RD058",2002 out,31.3
"1213","RD058",2003 fev,182
"1214","RD058",2003 mai,20.8
"1215","RD058",2003 jul,10.8
"1216","RD058",2003 out,258
"1217","RD058",2004 jan,391
"1218","RD058",2004 mai,92.5
"1219","RD058",2004 jul,53.5
"1220","RD058",2004 out,15.3
"1221","RD058",2005 jan,209
"1222","RD058",2005 abr,101
"1223","RD058",2005 jul,26.3
"1224","RD058",2005 out,40.6
"1225","RD058",2006 jan,44.4
"1226","RD058",2006 abr,19.9
"1227","RD058",2006 jul,12.5
"1228","RD058",2006 out,13.1
"1229","RD058",2007 jan,417
"1230","RD058",2007 abr,58.9
"1231","RD058",2007 jul,17.6
"1232","RD058",2007 out,9.9
"1233","RD058",2008 jan,170
"1234","RD058",2008 abr,379
"1235","RD058",2008 jul,13.5
"1236","RD058",2008 out,14.3
"1237","RD058",2009 jan,379
"1238","RD058",2009 abr,126
"1239","RD058",2009 jul,19.4
"1240","RD058",2009 out,23.2
"1241","RD058",2010 fev,18.2
"1242","RD058",2010 abr,26.7
"1243","RD058",2010 jul,10.4
"1244","RD058",2010 out,12.2
"1245","RD058",2011 jan,51
"1246","RD058",2011 abr,32.5
"1247","RD058",2011 jul,13.4
"1248","RD058",2011 out,18.4
"1249","RD058",2012 jan,39.7
"1250","RD058",2012 abr,39.3
"1251","RD058",2012 jul,13.5
"1252","RD058",2012 out,25.9
"1253","RD058",2013 jan,76.3
"1254","RD058",2013 abr,56
"1255","RD058",2013 jun,17.1
"1256","RD058",2013 jul,8.16
"1257","RD058",2013 ago,6.82
"1258","RD058",2013 set,9.12
"1259","RD058",2013 out,24.6
"1260","RD058",2013 nov,34.5
"1261","RD058",2013 dez,53.6
"1262","RD058",2014 jan,45.4
"1263","RD058",2014 fev,22.3
"1264","RD058",2014 mar,157
"1265","RD058",2014 abr,23.8
"1266","RD058",2014 mai,6.11
"1267","RD058",2014 jun,8.43
"1268","RD058",2014 jul,4.18
"1269","RD058",2014 ago,3.54
"1270","RD058",2014 set,2.83
"1271","RD058",2014 out,4.27
"1272","RD058",2014 nov,147
"1273","RD058",2014 dez,62.5
"1274","RD058",2015 jan,4.97
"1275","RD058",2015 fev,18
"1276","RD058",2015 mar,100
"1277","RD058",2015 abr,10.2
"1278","RD058",2015 mai,10.1
"1279","RD058",2015 jun,3.58
"1280","RD058",2015 jul,3.64
"1281","RD058",2015 ago,2.72
"1282","RD058",2015 set,4.31
"1283","RD058",2015 out,1.67
"1284","RD058",2015 dez,4228
"1285","RD058",2016 jan,9168
"1286","RD058",2016 mar,188
"1287","RD058",2016 abr,19.8
"1288","RD058",2016 mai,19.6
"1289","RD058",2016 jun,16
"1290","RD058",2016 jul,8.93
"1291","RD058",2016 ago,11.1
"1292","RD058",2016 set,26.8
"1293","RD058",2016 out,11.7
"1294","RD058",2016 nov,2.84
"1295","RD058",2016 dez,363
"1296","RD058",2017 jan,97.6
"1297","RD058",2017 fev,101
"1298","RD058",2017 jul,5.59
"1299","RD058",2017 ago,6.44
"1300","RD058",2017 set,4.21
"1301","RD058",2017 out,2.99
"1302","RD058",2017 nov,108
"1303","RD058",2017 dez,1025
"1304","RD058",2018 jan,24.8
"1305","RD058",2018 fev,919
"1306","RD058",2018 mar,194
"1307","RD058",2018 abr,48.8
"1308","RD058",2018 mai,26.8
"1309","RD058",2018 jun,11.8
"1310","RD058",2018 jul,5.44
"1311","RD058",2018 ago,8.37
"1312","RD058",2018 set,5.27
"1313","RD058",2018 out,17.7
"1314","RD058",2018 nov,43.4
"1315","RD058",2018 dez,147
"1316","RD058",2019 jan,9.74
"1317","RD058",2019 fev,91.2
"1318","RD058",2019 mar,95.7
"1319","RD058",2019 abr,40.1
"1320","RD058",2019 mai,9.47
"1321","RD058",2019 jun,5.53
"1322","RD058",2019 jul,3.17
"1323","RD058",2019 ago,3.73
"1324","RD058",2019 set,4.45
"1325","RD058",2019 out,2.05
"1326","RD058",2019 nov,31.7
"1327","RD058",2019 dez,183
"1328","RD058",2020 jan,1346
"1329","RD058",2020 fev,134
"1330","RD058",2020 mar,440
"1331","RD058",2020 mai,53.4
"1332","RD058",2020 jun,36.4
"1333","RD058",2020 jul,12.5
"1334","RD058",2020 ago,9.49
"1335","RD058",2020 set,5.3
"1336","RD058",2020 out,30.9
"1337","RD058",2020 nov,42.1
"1338","RD058",2020 dez,134
"1339","RD058",2021 jan,32.4
"1340","RD058",2021 fev,374
"1341","RD058",2021 mar,145
"1342","RD058",2021 abr,26.5
"1343","RD058",2021 mai,14.6
"1344","RD058",2021 jun,8.52
"1345","RD058",2021 jul,4.9
"1346","RD058",2021 ago,3.93
"1347","RD058",2021 set,4.77
"1348","RD058",2021 out,69.2
"1349","RD058",2021 nov,140
"1350","RD058",2021 dez,408
"1351","RD058",2022 jan,152
"1352","RD058",2022 fev,1251
"1353","RD058",2022 mar,71.3
"1354","RD058",2022 abr,73.8
"1355","RD058",2022 mai,39.1
"1356","RD058",2022 jun,13.9
"1357","RD059",1997 set,10
"1358","RD059",1997 nov,20
"1359","RD059",1998 mar,45
"1360","RD059",1998 set,6.65
"1361","RD059",1998 nov,99.8
"1362","RD059",1999 mar,47.2
"1363","RD059",1999 mai,16.3
"1364","RD059",1999 ago,5.58
"1365","RD059",1999 nov,640
"1366","RD059",2000 fev,264
"1367","RD059",2000 mai,53.9
"1368","RD059",2000 ago,10.4
"1369","RD059",2000 nov,7.42
"1370","RD059",2001 fev,32.3
"1371","RD059",2001 mai,12.5
"1372","RD059",2001 ago,9.16
"1373","RD059",2001 out,51
"1374","RD059",2002 fev,392
"1375","RD059",2002 mai,40.4
"1376","RD059",2002 ago,13.5
"1377","RD059",2002 out,22.9
"1378","RD059",2003 fev,239
"1379","RD059",2003 mai,23.2
"1380","RD059",2003 jul,10.8
"1381","RD059",2003 out,240
"1382","RD059",2004 jan,764
"1383","RD059",2004 mai,112
"1384","RD059",2004 jul,63.5
"1385","RD059",2004 out,17
"1386","RD059",2005 jan,257
"1387","RD059",2005 abr,104
"1388","RD059",2005 jul,26.9
"1389","RD059",2005 out,35.4
"1390","RD059",2006 jan,20.1
"1391","RD059",2006 abr,17.5
"1392","RD059",2006 jul,11.5
"1393","RD059",2006 out,9.37
"1394","RD059",2007 jan,463
"1395","RD059",2007 abr,29.1
"1396","RD059",2007 jul,9.59
"1397","RD059",2007 out,5.94
"1398","RD059",2008 jan,184
"1399","RD059",2008 abr,249
"1400","RD059",2008 jul,9.48
"1401","RD059",2008 out,7.5
"1402","RD059",2009 jan,505
"1403","RD059",2009 abr,96.8
"1404","RD059",2009 jul,13.2
"1405","RD059",2009 out,22.5
"1406","RD059",2010 fev,15.4
"1407","RD059",2010 abr,18
"1408","RD059",2010 jul,18.4
"1409","RD059",2010 out,7.93
"1410","RD059",2011 jan,31.8
"1411","RD059",2011 abr,45.2
"1412","RD059",2011 jul,7.55
"1413","RD059",2011 out,5.73
"1414","RD059",2012 jan,44.5
"1415","RD059",2012 abr,26.6
"1416","RD059",2012 jul,10
"1417","RD059",2012 out,9.72
"1418","RD059",2013 jan,96.2
"1419","RD059",2013 abr,50.9
"1420","RD059",2013 jun,15.2
"1421","RD059",2013 jul,7.51
"1422","RD059",2013 ago,6.97
"1423","RD059",2013 set,9.79
"1424","RD059",2013 out,26.6
"1425","RD059",2013 nov,28.4
"1426","RD059",2013 dez,24.9
"1427","RD059",2014 jan,24.3
"1428","RD059",2014 fev,18.9
"1429","RD059",2014 mar,63.8
"1430","RD059",2014 abr,48.2
"1431","RD059",2014 mai,5.75
"1432","RD059",2014 jun,6.87
"1433","RD059",2014 jul,9.42
"1434","RD059",2014 ago,3.41
"1435","RD059",2014 set,3.79
"1436","RD059",2014 out,5.42
"1437","RD059",2014 nov,123
"1438","RD059",2014 dez,58.2
"1439","RD059",2015 jan,12.5
"1440","RD059",2015 fev,10.4
"1441","RD059",2015 mar,103
"1442","RD059",2015 abr,17.8
"1443","RD059",2015 mai,14.6
"1444","RD059",2015 jun,5.23
"1445","RD059",2015 jul,3.28
"1446","RD059",2015 ago,3.46
"1447","RD059",2015 set,4.25
"1448","RD059",2015 out,4.91
"1449","RD059",2015 dez,7574
"1450","RD059",2016 jan,6600
"1451","RD059",2016 mar,254
"1452","RD059",2016 abr,25.6
"1453","RD059",2016 mai,20
"1454","RD059",2016 jun,15.2
"1455","RD059",2016 jul,12.8
"1456","RD059",2016 ago,10.4
"1457","RD059",2016 set,21.2
"1458","RD059",2016 out,9.06
"1459","RD059",2016 nov,4.23
"1460","RD059",2016 dez,247
"1461","RD059",2017 jan,163
"1462","RD059",2017 fev,103
"1463","RD059",2017 jul,15.4
"1464","RD059",2017 ago,6.6
"1465","RD059",2017 set,5.27
"1466","RD059",2017 out,4.11
"1467","RD059",2017 nov,90.3
"1468","RD059",2017 dez,725
"1469","RD059",2018 jan,36.3
"1470","RD059",2018 fev,626
"1471","RD059",2018 mar,185
"1472","RD059",2018 abr,41.4
"1473","RD059",2018 mai,19.6
"1474","RD059",2018 jun,9.57
"1475","RD059",2018 jul,5.17
"1476","RD059",2018 ago,8.07
"1477","RD059",2018 set,4.97
"1478","RD059",2018 out,8.57
"1479","RD059",2018 nov,47.8
"1480","RD059",2018 dez,112
"1481","RD059",2019 jan,9.88
"1482","RD059",2019 fev,47.4
"1483","RD059",2019 mar,114
"1484","RD059",2019 abr,84.1
"1485","RD059",2019 mai,10.8
"1486","RD059",2019 jun,5.74
"1487","RD059",2019 jul,6.26
"1488","RD059",2019 ago,4.07
"1489","RD059",2019 set,4.74
"1490","RD059",2019 out,7.94
"1491","RD059",2019 nov,40.1
"1492","RD059",2019 dez,197
"1493","RD059",2020 jan,238
"1494","RD059",2020 fev,127
"1495","RD059",2020 mar,447
"1496","RD059",2020 mai,35.8
"1497","RD059",2020 jun,33.4
"1498","RD059",2020 jul,9.03
"1499","RD059",2020 ago,6.97
"1500","RD059",2020 set,13.2
"1501","RD059",2020 out,8.08
"1502","RD059",2020 nov,23.8
"1503","RD059",2020 dez,120
"1504","RD059",2021 jan,31.2
"1505","RD059",2021 fev,268
"1506","RD059",2021 mar,149
"1507","RD059",2021 abr,15
"1508","RD059",2021 mai,9.55
"1509","RD059",2021 jun,13.3
"1510","RD059",2021 jul,3.91
"1511","RD059",2021 ago,4.49
"1512","RD059",2021 set,5.11
"1513","RD059",2021 out,45.1
"1514","RD059",2021 nov,124
"1515","RD059",2021 dez,368
"1516","RD059",2022 jan,113
"1517","RD059",2022 fev,1375
"1518","RD059",2022 mar,64.3
"1519","RD059",2022 abr,70
"1520","RD059",2022 mai,33.3
"1521","RD059",2022 jun,16.2
"1522","RD067",1998 mar,25
"1523","RD067",1998 set,4.8
"1524","RD067",1998 nov,88.7
"1525","RD067",1999 mar,37.6
"1526","RD067",1999 mai,16.4
"1527","RD067",1999 ago,5.46
"1528","RD067",1999 nov,349
"1529","RD067",2000 fev,278
"1530","RD067",2000 mai,57.5
"1531","RD067",2000 ago,6.2
"1532","RD067",2000 nov,4.7
"1533","RD067",2001 fev,21.2
"1534","RD067",2001 mai,13.7
"1535","RD067",2001 ago,7.53
"1536","RD067",2001 out,41.1
"1537","RD067",2002 fev,259
"1538","RD067",2002 mai,39.4
"1539","RD067",2002 ago,14.2
"1540","RD067",2002 out,33.5
"1541","RD067",2003 fev,355
"1542","RD067",2003 mai,22.4
"1543","RD067",2003 jul,9.64
"1544","RD067",2003 out,302
"1545","RD067",2004 jan,540
"1546","RD067",2004 mai,95.4
"1547","RD067",2004 jul,53.1
"1548","RD067",2004 out,10.7
"1549","RD067",2005 jan,211
"1550","RD067",2005 abr,61.6
"1551","RD067",2005 jul,15.8
"1552","RD067",2005 out,30.7
"1553","RD067",2006 jan,19.1
"1554","RD067",2006 abr,22.4
"1555","RD067",2006 jul,6.33
"1556","RD067",2006 out,13.6
"1557","RD067",2007 jan,226
"1558","RD067",2007 abr,48.9
"1559","RD067",2007 jul,8.19
"1560","RD067",2007 out,5.17
"1561","RD067",2008 jan,262
"1562","RD067",2008 abr,166
"1563","RD067",2008 jul,7.47
"1564","RD067",2008 out,8.06
"1565","RD067",2009 jan,397
"1566","RD067",2009 abr,82.7
"1567","RD067",2009 jul,10.5
"1568","RD067",2009 out,24.1
"1569","RD067",2010 fev,15.3
"1570","RD067",2010 abr,17.4
"1571","RD067",2010 jul,8.1
"1572","RD067",2010 out,8.93
"1573","RD067",2011 jan,37.9
"1574","RD067",2011 abr,48.4
"1575","RD067",2011 jul,9.59
"1576","RD067",2011 out,6.15
"1577","RD067",2012 jan,38.3
"1578","RD067",2012 abr,30.1
"1579","RD067",2012 jul,5.77
"1580","RD067",2012 out,10.7
"1581","RD067",2013 jan,130
"1582","RD067",2013 abr,62.7
"1583","RD067",2013 jun,13
"1584","RD067",2013 jul,7.02
"1585","RD067",2013 ago,6.47
"1586","RD067",2013 set,5.12
"1587","RD067",2013 out,30.1
"1588","RD067",2013 nov,67.6
"1589","RD067",2013 dez,23
"1590","RD067",2014 jan,27
"1591","RD067",2014 fev,24.5
"1592","RD067",2014 mar,34.8
"1593","RD067",2014 abr,60.8
"1594","RD067",2014 mai,5.61
"1595","RD067",2014 jun,6.8
"1596","RD067",2014 jul,9.4
"1597","RD067",2014 ago,3.21
"1598","RD067",2014 set,3.7
"1599","RD067",2014 out,6.86
"1600","RD067",2014 nov,177
"1601","RD067",2014 dez,45
"1602","RD067",2015 jan,6.24
"1603","RD067",2015 fev,16.1
"1604","RD067",2015 mar,29.7
"1605","RD067",2015 abr,29.1
"1606","RD067",2015 mai,14.3
"1607","RD067",2015 jun,4.37
"1608","RD067",2015 jul,2.32
"1609","RD067",2015 ago,2.16
"1610","RD067",2015 set,4.1
"1611","RD067",2015 out,3.07
"1612","RD067",2015 dez,2294
"1613","RD067",2016 jan,6500
"1614","RD067",2016 mar,217
"1615","RD067",2016 abr,35.3
"1616","RD067",2016 mai,18.4
"1617","RD067",2016 jun,19
"1618","RD067",2016 jul,9.88
"1619","RD067",2016 ago,7.25
"1620","RD067",2016 set,10.4
"1621","RD067",2016 out,3.99
"1622","RD067",2016 nov,4.84
"1623","RD067",2016 dez,319
"1624","RD067",2017 jan,153
"1625","RD067",2017 fev,67.6
"1626","RD067",2017 jul,7.54
"1627","RD067",2017 ago,19.8
"1628","RD067",2017 set,7.32
"1629","RD067",2017 out,5.43
"1630","RD067",2017 nov,32.9
"1631","RD067",2017 dez,426
"1632","RD067",2018 jan,61.4
"1633","RD067",2018 fev,591
"1634","RD067",2018 mar,155
"1635","RD067",2018 abr,53.4
"1636","RD067",2018 mai,16.5
"1637","RD067",2018 jun,7.57
"1638","RD067",2018 jul,6.53
"1639","RD067",2018 ago,4.1
"1640","RD067",2018 set,5.84
"1641","RD067",2018 out,8.18
"1642","RD067",2018 nov,41.5
"1643","RD067",2018 dez,102
"1644","RD067",2019 jan,11.8
"1645","RD067",2019 fev,54.8
"1646","RD067",2019 mar,104
"1647","RD067",2019 abr,20.4
"1648","RD067",2019 mai,7.46
"1649","RD067",2019 jun,5.49
"1650","RD067",2019 jul,4.98
"1651","RD067",2019 ago,3.17
"1652","RD067",2019 set,1.55
"1653","RD067",2019 out,2.04
"1654","RD067",2019 nov,40.4
"1655","RD067",2019 dez,147
"1656","RD067",2020 jan,357
"1657","RD067",2020 fev,90.4
"1658","RD067",2020 mar,508
"1659","RD067",2020 mai,43.4
"1660","RD067",2020 jun,27.2
"1661","RD067",2020 jul,8.2
"1662","RD067",2020 ago,3.8
"1663","RD067",2020 set,2.92
"1664","RD067",2020 out,10.8
"1665","RD067",2020 nov,35.9
"1666","RD067",2020 dez,104
"1667","RD067",2021 jan,33.5
"1668","RD067",2021 fev,261
"1669","RD067",2021 mar,90.2
"1670","RD067",2021 abr,9.3
"1671","RD067",2021 mai,6.24
"1672","RD067",2021 jun,3.26
"1673","RD067",2021 jul,2.66
"1674","RD067",2021 ago,2.22
"1675","RD067",2021 set,6.71
"1676","RD067",2021 out,15.5
"1677","RD067",2021 nov,132
"1678","RD067",2021 dez,274
"1679","RD067",2022 jan,83
"1680","RD067",2022 fev,465
"1681","RD067",2022 mar,48.2
"1682","RD067",2022 abr,87.5
"1683","RD067",2022 mai,17.8
"1684","RD067",2022 jun,9.19
"1685","RD071",2008 out,32.2
"1686","RD071",2009 jan,70.3
"1687","RD071",2009 abr,165
"1688","RD071",2009 jul,13.8
"1689","RD071",2009 out,41.8
"1690","RD071",2010 jan,35.2
"1691","RD071",2010 abr,28.3
"1692","RD071",2010 jul,4.75
"1693","RD071",2010 out,11.6
"1694","RD071",2011 jan,116
"1695","RD071",2011 abr,219
"1696","RD071",2011 jul,5.7
"1697","RD071",2011 out,3.28
"1698","RD071",2012 jan,68.2
"1699","RD071",2012 abr,82.9
"1700","RD071",2012 jul,9.1
"1701","RD071",2012 out,9.5
"1702","RD071",2013 jan,72.9
"1703","RD071",2013 abr,744
"1704","RD071",2013 jul,5.23
"1705","RD071",2013 out,41.7
"1706","RD071",2014 jan,29.5
"1707","RD071",2014 abr,6.87
"1708","RD071",2014 jul,2.73
"1709","RD071",2014 out,4.21
"1710","RD071",2015 jan,3.56
"1711","RD071",2015 abr,15.8
"1712","RD071",2015 jul,1.85
"1713","RD071",2015 out,1.8
"1714","RD071",2016 jan,3365
"1715","RD071",2016 abr,135
"1716","RD071",2016 jul,41.7
"1717","RD071",2016 set,145
"1718","RD071",2016 out,93.7
"1719","RD071",2016 nov,58.7
"1720","RD071",2016 dez,5228
"1721","RD071",2017 jan,161
"1722","RD071",2017 fev,53.2
"1723","RD071",2017 jul,16.5
"1724","RD071",2017 ago,15.2
"1725","RD071",2017 set,6.04
"1726","RD071",2017 out,18.6
"1727","RD071",2017 nov,586
"1728","RD071",2017 dez,608
"1729","RD071",2018 jan,136
"1730","RD071",2018 fev,521
"1731","RD071",2018 mar,118
"1732","RD071",2018 abr,66.8
"1733","RD071",2018 mai,18.3
"1734","RD071",2018 jun,9.12
"1735","RD071",2018 jul,7.86
"1736","RD071",2018 ago,18.4
"1737","RD071",2018 set,7.54
"1738","RD071",2018 out,10
"1739","RD071",2018 nov,47.3
"1740","RD071",2018 dez,45.4
"1741","RD071",2019 jan,24.4
"1742","RD071",2019 fev,24.7
"1743","RD071",2019 mar,73.4
"1744","RD071",2019 abr,30.4
"1745","RD071",2019 mai,48.5
"1746","RD071",2019 jun,6.84
"1747","RD071",2019 jul,4.78
"1748","RD071",2019 ago,3.84
"1749","RD071",2019 set,5.02
"1750","RD071",2019 out,5.17
"1751","RD071",2019 nov,14.7
"1752","RD071",2019 dez,61.5
"1753","RD071",2020 jan,98.1
"1754","RD071",2020 fev,172
"1755","RD071",2020 mar,540
"1756","RD071",2020 mai,10.6
"1757","RD071",2020 jun,7.95
"1758","RD071",2020 jul,9.58
"1759","RD071",2020 ago,7.02
"1760","RD071",2020 set,6.54
"1761","RD071",2020 out,4.82
"1762","RD071",2020 nov,23.3
"1763","RD071",2020 dez,140
"1764","RD071",2021 jan,111
"1765","RD071",2021 fev,448
"1766","RD071",2021 mar,58.5
"1767","RD071",2021 abr,21.4
"1768","RD071",2021 mai,5.26
"1769","RD071",2021 jun,17.5
"1770","RD071",2021 jul,3.83
"1771","RD071",2021 ago,7.87
"1772","RD071",2021 set,5.38
"1773","RD071",2021 out,40.8
"1774","RD071",2021 nov,43.1
"1775","RD071",2021 dez,84.1
"1776","RD071",2022 jan,141
"1777","RD071",2022 fev,321
"1778","RD071",2022 mar,56.8
"1779","RD071",2022 abr,29.9
"1780","RD071",2022 mai,27.8
"1781","RD071",2022 jun,9.05
"1782","RD072",2008 out,28.7
"1783","RD072",2009 jan,96.5
"1784","RD072",2009 abr,296
"1785","RD072",2009 jul,24.1
"1786","RD072",2009 out,79.6
"1787","RD072",2010 jan,53.3
"1788","RD072",2010 abr,36.7
"1789","RD072",2010 jul,5.9
"1790","RD072",2010 out,13.5
"1791","RD072",2011 jan,289
"1792","RD072",2011 abr,484
"1793","RD072",2011 jul,9.1
"1794","RD072",2011 out,4.12
"1795","RD072",2012 jan,74.5
"1796","RD072",2012 abr,60.6
"1797","RD072",2012 jul,8.74
"1798","RD072",2012 out,10.6
"1799","RD072",2013 jan,41.7
"1800","RD072",2013 abr,604
"1801","RD072",2013 jun,17.7
"1802","RD072",2013 jul,7.56
"1803","RD072",2013 ago,4.64
"1804","RD072",2013 set,16
"1805","RD072",2013 out,24.8
"1806","RD072",2013 nov,5.68
"1807","RD072",2013 dez,182
"1808","RD072",2014 jan,18.7
"1809","RD072",2014 fev,3.07
"1810","RD072",2014 mar,10.2
"1811","RD072",2014 abr,6.57
"1812","RD072",2014 mai,2.47
"1813","RD072",2014 jun,3.69
"1814","RD072",2014 jul,2.1
"1815","RD072",2014 ago,1.87
"1816","RD072",2014 set,2.58
"1817","RD072",2014 out,1.99
"1818","RD072",2014 nov,12.5
"1819","RD072",2014 dez,43.9
"1820","RD072",2015 jan,22
"1821","RD072",2015 fev,8.72
"1822","RD072",2015 mar,20.5
"1823","RD072",2015 abr,24.4
"1824","RD072",2015 mai,3.63
"1825","RD072",2015 jun,3.5
"1826","RD072",2015 jul,0.5
"1827","RD072",2015 ago,1.64
"1828","RD072",2015 set,9.79
"1829","RD072",2015 out,2.49
"1830","RD072",2015 dez,17949
"1831","RD072",2016 jan,5880
"1832","RD072",2016 mar,915
"1833","RD072",2016 abr,108
"1834","RD072",2016 mai,77
"1835","RD072",2016 jun,74.2
"1836","RD072",2016 jul,69
"1837","RD072",2016 ago,65.1
"1838","RD072",2016 set,64.7
"1839","RD072",2016 out,50.3
"1840","RD072",2016 nov,83.6
"1841","RD072",2016 dez,732
"1842","RD072",2017 jan,84.8
"1843","RD072",2017 fev,35.1
"1844","RD072",2017 jul,10.2
"1845","RD072",2017 ago,11.9
"1846","RD072",2017 set,6.63
"1847","RD072",2017 out,14.7
"1848","RD072",2017 nov,186
"1849","RD072",2017 dez,1094
"1850","RD072",2018 jan,109
"1851","RD072",2018 fev,235
"1852","RD072",2018 mar,178
"1853","RD072",2018 abr,98.4
"1854","RD072",2018 mai,14.1
"1855","RD072",2018 jun,8.87
"1856","RD072",2018 jul,6.24
"1857","RD072",2018 ago,317
"1858","RD072",2018 set,11.7
"1859","RD072",2018 out,7.94
"1860","RD072",2018 nov,35.7
"1861","RD072",2018 dez,285
"1862","RD072",2019 jan,21.7
"1863","RD072",2019 fev,34.8
"1864","RD072",2019 mar,170
"1865","RD072",2019 abr,72.4
"1866","RD072",2019 mai,21.4
"1867","RD072",2019 jun,7.14
"1868","RD072",2019 jul,3.94
"1869","RD072",2019 ago,4.31
"1870","RD072",2019 set,4.43
"1871","RD072",2019 out,4.47
"1872","RD072",2019 nov,19
"1873","RD072",2019 dez,370
"1874","RD072",2020 jan,131
"1875","RD072",2020 fev,236
"1876","RD072",2020 mar,536
"1877","RD072",2020 mai,12.1
"1878","RD072",2020 jun,16.2
"1879","RD072",2020 jul,11.5
"1880","RD072",2020 ago,8.05
"1881","RD072",2020 set,5.61
"1882","RD072",2020 out,4
"1883","RD072",2020 nov,29.4
"1884","RD072",2020 dez,91.4
"1885","RD072",2021 jan,216
"1886","RD072",2021 fev,340
"1887","RD072",2021 mar,255
"1888","RD072",2021 abr,40.6
"1889","RD072",2021 mai,8.41
"1890","RD072",2021 jun,8.83
"1891","RD072",2021 jul,3.76
"1892","RD072",2021 ago,5.66
"1893","RD072",2021 set,6.71
"1894","RD072",2021 out,87.8
"1895","RD072",2021 nov,355
"1896","RD072",2021 dez,241
"1897","RD072",2022 jan,153
"1898","RD072",2022 fev,743
"1899","RD072",2022 mar,66.3
"1900","RD072",2022 abr,122
"1901","RD072",2022 mai,48.3
"1902","RD072",2022 jun,9.98
"1903","RD083",2008 jul,19.8
"1904","RD083",2008 out,22.4
"1905","RD083",2009 jan,537
"1906","RD083",2009 abr,99.8
"1907","RD083",2009 jul,17.1
"1908","RD083",2009 out,31.4
"1909","RD083",2010 jan,31.2
"1910","RD083",2010 abr,30.3
"1911","RD083",2010 jul,8.32
"1912","RD083",2010 out,16.8
"1913","RD083",2011 jan,49.4
"1914","RD083",2011 abr,72
"1915","RD083",2011 jul,13.3
"1916","RD083",2011 out,6.42
"1917","RD083",2012 jan,55.1
"1918","RD083",2012 abr,41.3
"1919","RD083",2012 jul,9.94
"1920","RD083",2012 out,38.6
"1921","RD083",2013 jan,181
"1922","RD083",2013 abr,63.5
"1923","RD083",2013 jun,25.7
"1924","RD083",2013 jul,10.5
"1925","RD083",2013 ago,9.13
"1926","RD083",2013 set,11
"1927","RD083",2013 out,30.5
"1928","RD083",2013 nov,33.1
"1929","RD083",2013 dez,47.3
"1930","RD083",2014 jan,23.5
"1931","RD083",2014 fev,38
"1932","RD083",2014 mar,39.3
"1933","RD083",2014 abr,50
"1934","RD083",2014 mai,7.65
"1935","RD083",2014 jun,7.48
"1936","RD083",2014 jul,3.48
"1937","RD083",2014 ago,3.58
"1938","RD083",2014 set,3.75
"1939","RD083",2014 out,5.63
"1940","RD083",2014 nov,168
"1941","RD083",2014 dez,68.2
"1942","RD083",2015 jan,8.59
"1943","RD083",2015 fev,20.5
"1944","RD083",2015 mar,33.4
"1945","RD083",2015 abr,22.2
"1946","RD083",2015 mai,8.39
"1947","RD083",2015 jun,6.48
"1948","RD083",2015 jul,5.73
"1949","RD083",2015 ago,3.94
"1950","RD083",2015 set,8.17
"1951","RD083",2015 out,2.78
"1952","RD083",2015 dez,4724
"1953","RD083",2016 jan,3017
"1954","RD083",2016 mar,198
"1955","RD083",2016 abr,64.9
"1956","RD083",2016 mai,65.3
"1957","RD083",2016 jun,62.3
"1958","RD083",2016 jul,46.7
"1959","RD083",2016 ago,72.9
"1960","RD083",2016 set,137
"1961","RD083",2016 out,45.9
"1962","RD083",2016 nov,40.5
"1963","RD083",2016 dez,349
"1964","RD083",2017 jan,315
"1965","RD083",2017 fev,47.5
"1966","RD083",2017 jul,11.6
"1967","RD083",2017 ago,31.6
"1968","RD083",2017 set,19
"1969","RD083",2017 out,6.2
"1970","RD083",2017 nov,47.6
"1971","RD083",2017 dez,2524
"1972","RD083",2018 jan,39.6
"1973","RD083",2018 fev,612
"1974","RD083",2018 mar,300
"1975","RD083",2018 abr,44.3
"1976","RD083",2018 mai,16.1
"1977","RD083",2018 jun,17.4
"1978","RD083",2018 jul,9.47
"1979","RD083",2018 ago,14.4
"1980","RD083",2018 set,24.3
"1981","RD083",2018 out,19.7
"1982","RD083",2018 nov,37.9
"1983","RD083",2018 dez,160
"1984","RD083",2019 jan,18.7
"1985","RD083",2019 fev,41.5
"1986","RD083",2019 mar,91.7
"1987","RD083",2019 abr,48.4
"1988","RD083",2019 mai,19.4
"1989","RD083",2019 jun,15.4
"1990","RD083",2019 jul,8.57
"1991","RD083",2019 ago,4.95
"1992","RD083",2019 set,16.4
"1993","RD083",2019 out,8.03
"1994","RD083",2019 nov,19.3
"1995","RD083",2019 dez,150
"1996","RD083",2020 jan,273
"1997","RD083",2020 fev,94.8
"1998","RD083",2020 mar,217
"1999","RD083",2020 mai,22.9
"2000","RD083",2020 jun,30.1
"2001","RD083",2020 jul,8.78
"2002","RD083",2020 ago,13.3
"2003","RD083",2020 set,7.53
"2004","RD083",2020 out,23.8
"2005","RD083",2020 nov,34.8
"2006","RD083",2020 dez,315
"2007","RD083",2021 jan,40.8
"2008","RD083",2021 fev,241
"2009","RD083",2021 mar,70.9
"2010","RD083",2021 abr,24.5
"2011","RD083",2021 mai,18.7
"2012","RD083",2021 jun,14.8
"2013","RD083",2021 jul,13.5
"2014","RD083",2021 ago,7.84
"2015","RD083",2021 set,9.72
"2016","RD083",2021 out,63.5
"2017","RD083",2021 nov,78.4
"2018","RD083",2021 dez,130
"2019","RD083",2022 jan,132
"2020","RD083",2022 fev,385
"2021","RD083",2022 mar,202
"2022","RD083",2022 abr,44.7
"2023","RD083",2022 mai,48.5
"2024","RD083",2022 jun,29
